학기,학수번호,학과,이수학점,강의시간,강의명,교수명,학습량,난이도,학점,성취감,강의만족도
2023년 여름학기,IFLS012(B0),ACADEMIC,ENGLISH,월(5-6) 화(5-6) 수(5-6) 목(5-6) ,"ACADEMIC ENGLISHⅡ(영강)대면수업, 중급 재수강반",Rockwell H. Stewart,-,-,-,-,-
2023년 1학기,IFLS012(R1),ACADEMIC,ENGLISH,월(4) 수(4) ,ACADEMIC ENGLISHⅡ(영강)초급 재수강/미이수자반(일반 2012~2022학번),Anthony Hanf,2.8,2.3,4.3,3.5,4.5
2023년 1학기,IFLS012(R2),ACADEMIC,ENGLISH,화(1) 목(1) ,ACADEMIC ENGLISHⅡ(영강)초급 재수강/미이수자반(일반 2012~2022학번),Anthony Hanf,-,-,-,-,-
2023년 1학기,IFLS012(R3),ACADEMIC,ENGLISH,화(1) 목(1) ,ACADEMIC ENGLISHⅡ(영강)초급 재수강/미이수자반(일반 2012~2022학번),David M. Duke,2.0,1.0,5.0,2.0,5.0
2023년 1학기,IFLS012(R4),ACADEMIC,ENGLISH,화(4) 목(4) ,ACADEMIC ENGLISHⅡ(영강)초급 재수강/미이수자반(일반 2012~2022학번),Benjamin Fallon,3.2,3.4,2.8,2.6,3.0
2023년 1학기,IFLS012(R6),ACADEMIC,ENGLISH,화(7) 목(7) ,ACADEMIC ENGLISHⅡ(영강)초급 재수강/미이수자반(일반 2012~2022학번),David W. Wellbaum,2.0,1.0,5.0,5.0,5.0
2023년 1학기,IFLS012(RA),ACADEMIC,ENGLISH,월(3) 수(3) ,ACADEMIC ENGLISHⅡ(영강)중급 재수강/미이수자반(일반 2012~2022학번),Rockwell H. Stewart,4.0,2.8,3.8,2.5,3.3
2023년 1학기,IFLS012(RB),ACADEMIC,ENGLISH,월(1) 수(1) ,ACADEMIC ENGLISHⅡ(영강)중급 재수강/미이수자반(일반 2012~2022학번),Peter L. Sinclair,3.2,3.3,4.3,3.7,3.8
2023년 1학기,IFLS012(RC),ACADEMIC,ENGLISH,월(2) 수(2) ,ACADEMIC ENGLISHⅡ(영강)중급 재수강/미이수자반(일반 2012~2022학번),Peter L. Sinclair,3.3,3.0,4.0,4.0,4.3
2023년 1학기,IFLS012(RD),ACADEMIC,ENGLISH,화(3) 목(3) ,ACADEMIC ENGLISHⅡ(영강)중급 재수강/미이수자반(일반 2012~2022학번),Peter L. Sinclair,3.2,3.0,4.8,3.6,4.0
2023년 1학기,IFLS012(RE),ACADEMIC,ENGLISH,월(3) 수(3) ,ACADEMIC ENGLISHⅡ(영강)중급 재수강/미이수자반(일반 2012~2022학번),Youn-Soo Chang,3.9,2.3,4.4,3.7,4.3
2023년 1학기,IFLS012(RF),ACADEMIC,ENGLISH,화(1) 목(1) ,ACADEMIC ENGLISHⅡ(영강)중급 재수강/미이수자반(일반 2012~2022학번),Youn-Soo Chang,4.6,3.6,4.0,4.2,4.2
2023년 1학기,IFLS012(RG),ACADEMIC,ENGLISH,화(2) 목(2) ,ACADEMIC ENGLISHⅡ(영강)중급 재수강/미이수자반(일반 2012~2022학번),Darius Goodwin,2.5,2.1,4.3,3.5,4.5
2023년 1학기,IFLS012(RH),ACADEMIC,ENGLISH,화(4) 목(4) ,ACADEMIC ENGLISHⅡ(영강)중급 재수강/미이수자반(일반 2012~2022학번),Darius Goodwin,2.7,2.0,4.3,3.0,4.0
2023년 1학기,IFLS012(RI),ACADEMIC,ENGLISH,화(2) 목(2) ,ACADEMIC ENGLISHⅡ(영강)중급 재수강/미이수자반(일반 2012~2022학번),Anthony Hanf,2.1,2.1,3.9,2.6,4.3
2023년 1학기,IFLS012(RJ),ACADEMIC,ENGLISH,화(3) 목(3) ,ACADEMIC ENGLISHⅡ(영강)중급 재수강/미이수자반(일반 2012~2022학번),Anthony Hanf,2.4,1.9,4.0,3.1,4.5
2023년 1학기,IFLS012(RL),ACADEMIC,ENGLISH,화(4) 목(4) ,ACADEMIC ENGLISHⅡ(영강)중급 재수강/미이수자반(일반 2012~2022학번),Patrice Reidy,3.0,2.5,2.9,2.4,3.3
2022년 겨울학기,IFLS012(BO),ACADEMIC,ENGLISH,월(5-6) 화(5-6) 수(5-6) 목(5-6) ,ACADEMIC ENGLISHⅡ(영강)중급 재수강반,Benjamin Fallon,2.8,2.5,3.3,2.7,3.8
2022년 2학기,IFLS012(LT),ACADEMIC,ENGLISH,화(3) 목(3) ,ACADEMIC ENGLISHⅡ(영강)초급,THOMAS COURCHAINE,2.6,2.3,3.8,2.9,4.4
2022년 2학기,IFLS012(LU),ACADEMIC,ENGLISH,화(2) 목(2) ,ACADEMIC ENGLISHⅡ(영강)초급,Rockwell H. Stewart,2.9,2.7,2.9,2.5,3.7
2022년 2학기,IFLS012(LV),ACADEMIC,ENGLISH,월(3) 수(3) ,ACADEMIC ENGLISHⅡ(영강)초급,Darius Goodwin,3.4,3.0,4.4,3.3,4.3
2022년 2학기,IFLS012(LW),ACADEMIC,ENGLISH,월(4) 수(4) ,ACADEMIC ENGLISHⅡ(영강)초급,Derek Winchester,2.7,2.3,4.1,3.3,4.6
2022년 2학기,IFLS012(LX),ACADEMIC,ENGLISH,화(4) 목(4) ,ACADEMIC ENGLISHⅡ(영강)초급,THOMAS COURCHAINE,2.6,2.3,4.0,3.1,4.9
2022년 2학기,IFLS012(02),ACADEMIC,ENGLISH,화(1) 목(1) ,"ACADEMIC ENGLISHⅡ(영강)중급/경영대학, 자유전공학부(1학년 우선 신청) *2~4학년 미이수자 및 재수강자-수강신청 정정기간 중 전체 학년 기간에 수강신청 가능",David M. Docherty,2.3,2.7,3.3,3.1,4.4
2022년 2학기,IFLS012(03),ACADEMIC,ENGLISH,월(4) 수(4) ,"ACADEMIC ENGLISHⅡ(영강)중급/경영대학, 자유전공학부(1학년 우선 신청) *2~4학년 미이수자 및 재수강자-수강신청 정정기간 중 전체 학년 기간에 수강신청 가능",Anthony Hanf,3.8,2.6,3.5,2.8,3.7
2022년 2학기,IFLS012(04),ACADEMIC,ENGLISH,월(4) 수(4) ,"ACADEMIC ENGLISHⅡ(영강)중급/경영대학, 자유전공학부(1학년 우선 신청) *2~4학년 미이수자 및 재수강자-수강신청 정정기간 중 전체 학년 기간에 수강신청 가능",David M. Docherty,2.3,2.4,3.5,2.9,4.6
2022년 2학기,IFLS012(05),ACADEMIC,ENGLISH,월(5) 수(5) ,"ACADEMIC ENGLISHⅡ(영강)중급/경영대학, 자유전공학부(1학년 우선 신청) *2~4학년 미이수자 및 재수강자-수강신청 정정기간 중 전체 학년 기간에 수강신청 가능",Paulette M. Hawkins,4.1,3.3,2.5,2.3,2.7
2022년 2학기,IFLS012(06),ACADEMIC,ENGLISH,월(6) 수(6) ,"ACADEMIC ENGLISHⅡ(영강)중급/경영대학, 자유전공학부(1학년 우선 신청) *2~4학년 미이수자 및 재수강자-수강신청 정정기간 중 전체 학년 기간에 수강신청 가능",Paulette M. Hawkins,3.9,3.3,2.5,2.8,2.8
2022년 2학기,IFLS012(07),ACADEMIC,ENGLISH,화(1) 목(1) ,"ACADEMIC ENGLISHⅡ(영강)중급/경영대학, 자유전공학부(1학년 우선 신청) *2~4학년 미이수자 및 재수강자-수강신청 정정기간 중 전체 학년 기간에 수강신청 가능",Anthony Hanf,3.5,2.8,4.0,3.2,4.2
2022년 2학기,IFLS012(08),ACADEMIC,ENGLISH,화(4) 목(4) ,"ACADEMIC ENGLISHⅡ(영강)중급/경영대학, 자유전공학부(1학년 우선 신청) *2~4학년 미이수자 및 재수강자-수강신청 정정기간 중 전체 학년 기간에 수강신청 가능",Anthony Hanf,3.1,2.6,3.9,2.9,4.1
2022년 2학기,IFLS012(09),ACADEMIC,ENGLISH,화(3) 목(3) ,"ACADEMIC ENGLISHⅡ(영강)중급/경영대학, 자유전공학부(1학년 우선 신청) *2~4학년 미이수자 및 재수강자-수강신청 정정기간 중 전체 학년 기간에 수강신청 가능",David M. Docherty,2.4,2.9,3.7,3.0,4.7
2022년 2학기,IFLS012(10),ACADEMIC,ENGLISH,화(4) 목(4) ,"ACADEMIC ENGLISHⅡ(영강)중급/경영대학, 자유전공학부(1학년 우선 신청) *2~4학년 미이수자 및 재수강자-수강신청 정정기간 중 전체 학년 기간에 수강신청 가능",Derek Winchester,2.7,2.3,4.1,3.4,4.7
2022년 2학기,IFLS012(11),ACADEMIC,ENGLISH,월(1) 수(1) ,"ACADEMIC ENGLISHⅡ(영강)중급/경영대학, 자유전공학부(1학년 우선 신청) *2~4학년 미이수자 및 재수강자-수강신청 정정기간 중 전체 학년 기간에 수강신청 가능",Anthony Hanf,3.1,2.4,4.3,3.1,4.1
2022년 2학기,IFLS012(12),ACADEMIC,ENGLISH,월(3) 수(3) ,"ACADEMIC ENGLISHⅡ(영강)중급/경영대학, 자유전공학부(1학년 우선 신청) *2~4학년 미이수자 및 재수강자-수강신청 정정기간 중 전체 학년 기간에 수강신청 가능",Derek Winchester,3.2,2.8,4.0,3.6,4.4
2022년 2학기,IFLS012(13),ACADEMIC,ENGLISH,화(5) 목(5) ,"ACADEMIC ENGLISHⅡ(영강)중급/경영대학, 자유전공학부(1학년 우선 신청) *2~4학년 미이수자 및 재수강자-수강신청 정정기간 중 전체 학년 기간에 수강신청 가능",Paulette M. Hawkins,5.0,3.2,2.0,2.8,3.0
2022년 2학기,IFLS012(14),ACADEMIC,ENGLISH,월(2) 수(2) ,"ACADEMIC ENGLISHⅡ(영강)중급/경영대학, 자유전공학부(1학년 우선 신청) *2~4학년 미이수자 및 재수강자-수강신청 정정기간 중 전체 학년 기간에 수강신청 가능",Anthony Death,3.1,2.7,3.0,2.5,3.2
2022년 2학기,IFLS012(15),ACADEMIC,ENGLISH,화(2) 목(2) ,"ACADEMIC ENGLISHⅡ(영강)중급/경영대학, 자유전공학부(1학년 우선 신청) *2~4학년 미이수자 및 재수강자-수강신청 정정기간 중 전체 학년 기간에 수강신청 가능",Anthony Death,3.7,4.0,4.7,4.0,4.0
2022년 2학기,IFLS012(16),ACADEMIC,ENGLISH,월(4) 수(4) ,"ACADEMIC ENGLISHⅡ(영강)중급/경영대학, 자유전공학부(1학년 우선 신청) *2~4학년 미이수자 및 재수강자-수강신청 정정기간 중 전체 학년 기간에 수강신청 가능",Paulette M. Hawkins,4.0,3.0,2.9,3.0,3.2
2022년 2학기,IFLS012(17),ACADEMIC,ENGLISH,화(6) 목(6) ,"ACADEMIC ENGLISHⅡ(영강)중급/경영대학, 자유전공학부(1학년 우선 신청) *2~4학년 미이수자 및 재수강자-수강신청 정정기간 중 전체 학년 기간에 수강신청 가능",Derek Winchester,2.6,2.1,4.0,3.3,4.3
2022년 2학기,IFLS012(18),ACADEMIC,ENGLISH,월(3) 수(3) ,"ACADEMIC ENGLISHⅡ(영강)중급/정경대학, 미디어학부, 국제대학(1학년 우선 신청) *2~4학년 미이수자 및 재수강자-수강신청 정정기간 중 전체 학년 기간에 수강신청 가능",Dara Seamus Fox,3.8,3.4,3.7,2.9,3.4
2022년 2학기,IFLS012(19),ACADEMIC,ENGLISH,월(4) 수(4) ,"ACADEMIC ENGLISHⅡ(영강)중급/정경대학, 미디어학부, 국제대학(1학년 우선 신청) *2~4학년 미이수자 및 재수강자-수강신청 정정기간 중 전체 학년 기간에 수강신청 가능",Dara Seamus Fox,3.1,2.8,3.6,3.1,3.9
2022년 2학기,IFLS012(20),ACADEMIC,ENGLISH,월(5) 수(5) ,"ACADEMIC ENGLISHⅡ(영강)중급/정경대학, 미디어학부, 국제대학(1학년 우선 신청) *2~4학년 미이수자 및 재수강자-수강신청 정정기간 중 전체 학년 기간에 수강신청 가능",Glenn P. Sundeen,3.4,3.2,4.2,3.5,4.1
2022년 2학기,IFLS012(21),ACADEMIC,ENGLISH,화(3) 목(3) ,"ACADEMIC ENGLISHⅡ(영강)중급/정경대학, 미디어학부, 국제대학(1학년 우선 신청) *2~4학년 미이수자 및 재수강자-수강신청 정정기간 중 전체 학년 기간에 수강신청 가능",Mark Robert Eade,3.5,3.1,3.1,2.7,3.7
2022년 2학기,IFLS012(22),ACADEMIC,ENGLISH,월(6) 수(6) ,"ACADEMIC ENGLISHⅡ(영강)중급/정경대학, 미디어학부, 국제대학(1학년 우선 신청) *2~4학년 미이수자 및 재수강자-수강신청 정정기간 중 전체 학년 기간에 수강신청 가능",Mark Robert Eade,3.0,3.2,2.7,2.7,3.2
2022년 2학기,IFLS012(23),ACADEMIC,ENGLISH,화(6) 목(6) ,"ACADEMIC ENGLISHⅡ(영강)중급/정경대학, 미디어학부, 국제대학(1학년 우선 신청) *2~4학년 미이수자 및 재수강자-수강신청 정정기간 중 전체 학년 기간에 수강신청 가능",Peter S. Sylvestre,2.8,2.9,3.2,2.7,4.3
2022년 2학기,IFLS012(24),ACADEMIC,ENGLISH,화(5) 목(5) ,"ACADEMIC ENGLISHⅡ(영강)중급/정경대학, 미디어학부, 국제대학(1학년 우선 신청) *2~4학년 미이수자 및 재수강자-수강신청 정정기간 중 전체 학년 기간에 수강신청 가능",Glenn P. Sundeen,3.1,2.5,4.6,3.6,4.3
2022년 2학기,IFLS012(25),ACADEMIC,ENGLISH,화(4) 목(4) ,"ACADEMIC ENGLISHⅡ(영강)중급/정경대학, 미디어학부, 국제대학(1학년 우선 신청) *2~4학년 미이수자 및 재수강자-수강신청 정정기간 중 전체 학년 기간에 수강신청 가능",Michael A. Mumford,3.7,3.2,3.9,3.5,4.2
2022년 2학기,IFLS012(26),ACADEMIC,ENGLISH,화(6) 목(6) ,"ACADEMIC ENGLISHⅡ(영강)중급/정경대학, 미디어학부, 국제대학(1학년 우선 신청) *2~4학년 미이수자 및 재수강자-수강신청 정정기간 중 전체 학년 기간에 수강신청 가능",Dara Seamus Fox,4.0,3.8,3.5,2.5,3.3
2022년 2학기,IFLS012(27),ACADEMIC,ENGLISH,화(7) 목(7) ,"ACADEMIC ENGLISHⅡ(영강)중급/정경대학, 미디어학부, 국제대학(1학년 우선 신청) *2~4학년 미이수자 및 재수강자-수강신청 정정기간 중 전체 학년 기간에 수강신청 가능",Dara Seamus Fox,4.0,3.4,4.4,3.6,4.4
2022년 2학기,IFLS012(28),ACADEMIC,ENGLISH,월(3) 수(3) ,"ACADEMIC ENGLISHⅡ(영강)중급/정경대학, 미디어학부, 국제대학(1학년 우선 신청) *2~4학년 미이수자 및 재수강자-수강신청 정정기간 중 전체 학년 기간에 수강신청 가능",Michael A. Mumford,3.8,3.0,3.5,2.8,3.5
2022년 2학기,IFLS012(29),ACADEMIC,ENGLISH,월(4) 수(4) ,"ACADEMIC ENGLISHⅡ(영강)중급/정경대학, 미디어학부, 국제대학(1학년 우선 신청) *2~4학년 미이수자 및 재수강자-수강신청 정정기간 중 전체 학년 기간에 수강신청 가능",Michael A. Mumford,3.4,3.8,4.0,2.8,3.4
2022년 2학기,IFLS012(30),ACADEMIC,ENGLISH,월(5) 수(5) ,"ACADEMIC ENGLISHⅡ(영강)중급/정경대학, 미디어학부, 국제대학(1학년 우선 신청) *2~4학년 미이수자 및 재수강자-수강신청 정정기간 중 전체 학년 기간에 수강신청 가능",Peter S. Sylvestre,3.7,3.1,2.9,2.6,3.5
2022년 2학기,IFLS012(31),ACADEMIC,ENGLISH,월(6) 수(6) ,"ACADEMIC ENGLISHⅡ(영강)중급/정경대학, 미디어학부, 국제대학(1학년 우선 신청) *2~4학년 미이수자 및 재수강자-수강신청 정정기간 중 전체 학년 기간에 수강신청 가능",Michael A. Mumford,3.3,3.2,4.1,3.2,4.2
2022년 2학기,IFLS012(32),ACADEMIC,ENGLISH,월(7) 수(7) ,"ACADEMIC ENGLISHⅡ(영강)중급/정경대학, 미디어학부, 국제대학(1학년 우선 신청) *2~4학년 미이수자 및 재수강자-수강신청 정정기간 중 전체 학년 기간에 수강신청 가능",Mark Robert Eade,2.0,3.0,2.7,2.3,3.3
2022년 2학기,IFLS012(33),ACADEMIC,ENGLISH,화(3) 목(3) ,"ACADEMIC ENGLISHⅡ(영강)중급/정경대학, 미디어학부, 국제대학(1학년 우선 신청) *2~4학년 미이수자 및 재수강자-수강신청 정정기간 중 전체 학년 기간에 수강신청 가능",Glenn P. Sundeen,3.4,3.1,4.1,3.7,4.1
2022년 2학기,IFLS012(34),ACADEMIC,ENGLISH,화(5) 목(5) ,"ACADEMIC ENGLISHⅡ(영강)중급/정경대학, 미디어학부, 국제대학(1학년 우선 신청) *2~4학년 미이수자 및 재수강자-수강신청 정정기간 중 전체 학년 기간에 수강신청 가능",Michael A. Mumford,3.5,3.0,4.6,2.6,3.8
2022년 2학기,IFLS012(35),ACADEMIC,ENGLISH,화(5) 목(5) ,"ACADEMIC ENGLISHⅡ(영강)중급/정경대학, 미디어학부, 국제대학(1학년 우선 신청) *2~4학년 미이수자 및 재수강자-수강신청 정정기간 중 전체 학년 기간에 수강신청 가능",Mark Robert Eade,2.8,3.4,2.8,2.8,3.4
2022년 2학기,IFLS012(36),ACADEMIC,ENGLISH,화(4) 목(4) ,"ACADEMIC ENGLISHⅡ(영강)중급/정경대학, 미디어학부, 국제대학(1학년 우선 신청) *2~4학년 미이수자 및 재수강자-수강신청 정정기간 중 전체 학년 기간에 수강신청 가능",Mark Robert Eade,2.9,3.3,3.1,2.4,3.3
2022년 2학기,IFLS012(38),ACADEMIC,ENGLISH,월(2) 수(2) ,"ACADEMIC ENGLISHⅡ(영강)중급/문과대학(국문, 노문, 독문, 불문, 서문, 영문, 일문, 중문) (1학년 우선 신청) *2~4학년 미이수자 및 재수강자-수강신청 정정기간 중 전체 학년 기간에 수강신청 가",Alexander Vos,3.5,3.4,4.5,3.7,4.2
2022년 2학기,IFLS012(39),ACADEMIC,ENGLISH,월(3) 수(3) ,"ACADEMIC ENGLISHⅡ(영강)중급/문과대학(국문, 노문, 독문, 불문, 서문, 영문, 일문, 중문) (1학년 우선 신청) *2~4학년 미이수자 및 재수강자-수강신청 정정기간 중 전체 학년 기간에 수강신청 가",Alexander Vos,4.3,3.0,4.4,3.9,4.3
2022년 2학기,IFLS012(40),ACADEMIC,ENGLISH,월(4) 수(4) ,"ACADEMIC ENGLISHⅡ(영강)중급/문과대학(국문, 노문, 독문, 불문, 서문, 영문, 일문, 중문) (1학년 우선 신청) *2~4학년 미이수자 및 재수강자-수강신청 정정기간 중 전체 학년 기간에 수강신청 가",Thomas Walsh,4.0,3.5,3.9,3.5,3.4
2022년 2학기,IFLS012(41),ACADEMIC,ENGLISH,월(5) 수(5) ,"ACADEMIC ENGLISHⅡ(영강)중급/문과대학(국문, 노문, 독문, 불문, 서문, 영문, 일문, 중문) (1학년 우선 신청) *2~4학년 미이수자 및 재수강자-수강신청 정정기간 중 전체 학년 기간에 수강신청 가",Manuel Lara,4.0,2.9,3.6,3.3,3.8
2022년 2학기,IFLS012(42),ACADEMIC,ENGLISH,월(6) 수(6) ,"ACADEMIC ENGLISHⅡ(영강)중급/문과대학(국문, 노문, 독문, 불문, 서문, 영문, 일문, 중문) (1학년 우선 신청) *2~4학년 미이수자 및 재수강자-수강신청 정정기간 중 전체 학년 기간에 수강신청 가",Manuel Lara,4.0,3.1,3.8,3.2,3.8
2022년 2학기,IFLS012(44),ACADEMIC,ENGLISH,화(2) 목(2) ,"ACADEMIC ENGLISHⅡ(영강)중급/문과대학(국문, 노문, 독문, 불문, 서문, 영문, 일문, 중문) (1학년 우선 신청) *2~4학년 미이수자 및 재수강자-수강신청 정정기간 중 전체 학년 기간에 수강신청 가",Thomas Walsh,3.3,3.1,4.6,4.0,4.3
2022년 2학기,IFLS012(45),ACADEMIC,ENGLISH,화(3) 목(3) ,"ACADEMIC ENGLISHⅡ(영강)중급/문과대학(국문, 노문, 독문, 불문, 서문, 영문, 일문, 중문) (1학년 우선 신청) *2~4학년 미이수자 및 재수강자-수강신청 정정기간 중 전체 학년 기간에 수강신청 가",Thomas Walsh,3.1,3.3,4.7,3.6,4.2
2022년 2학기,IFLS012(46),ACADEMIC,ENGLISH,화(4) 목(4) ,"ACADEMIC ENGLISHⅡ(영강)중급/문과대학(국문, 노문, 독문, 불문, 서문, 영문, 일문, 중문) (1학년 우선 신청) *2~4학년 미이수자 및 재수강자-수강신청 정정기간 중 전체 학년 기간에 수강신청 가",Kirstie Bromenshenk,2.0,1.8,3.0,2.5,4.0
2022년 2학기,IFLS012(47),ACADEMIC,ENGLISH,화(5) 목(5) ,"ACADEMIC ENGLISHⅡ(영강)중급/문과대학(국문, 노문, 독문, 불문, 서문, 영문, 일문, 중문) (1학년 우선 신청) *2~4학년 미이수자 및 재수강자-수강신청 정정기간 중 전체 학년 기간에 수강신청 가",Manuel Lara,4.0,2.8,4.0,3.3,3.8
2022년 2학기,IFLS012(48),ACADEMIC,ENGLISH,월(2) 수(2) ,"ACADEMIC ENGLISHⅡ(영강)중급/문과대학(국문, 노문, 독문, 불문, 서문, 영문, 일문, 중문) (1학년 우선 신청) *2~4학년 미이수자 및 재수강자-수강신청 정정기간 중 전체 학년 기간에 수강신청 가",Kirstie Bromenshenk,2.4,2.2,4.2,3.1,4.4
2022년 2학기,IFLS012(49),ACADEMIC,ENGLISH,월(3) 수(3) ,"ACADEMIC ENGLISHⅡ(영강)중급/문과대학(국문, 노문, 독문, 불문, 서문, 영문, 일문, 중문) (1학년 우선 신청) *2~4학년 미이수자 및 재수강자-수강신청 정정기간 중 전체 학년 기간에 수강신청 가",Kirstie Bromenshenk,2.2,2.4,4.0,3.3,4.3
2022년 2학기,IFLS012(50),ACADEMIC,ENGLISH,화(2) 목(2) ,"ACADEMIC ENGLISHⅡ(영강)중급/문과대학(국문, 노문, 독문, 불문, 서문, 영문, 일문, 중문) (1학년 우선 신청) *2~4학년 미이수자 및 재수강자-수강신청 정정기간 중 전체 학년 기간에 수강신청 가",Kirstie Bromenshenk,2.1,1.9,3.9,3.2,4.5
2022년 2학기,IFLS012(51),ACADEMIC,ENGLISH,화(3) 목(3) ,"ACADEMIC ENGLISHⅡ(영강)중급/문과대학(국문, 노문, 독문, 불문, 서문, 영문, 일문, 중문) (1학년 우선 신청) *2~4학년 미이수자 및 재수강자-수강신청 정정기간 중 전체 학년 기간에 수강신청 가",Alexander Vos,3.6,3.1,4.7,3.5,4.6
2022년 2학기,IFLS012(52),ACADEMIC,ENGLISH,월(4) 수(4) ,"ACADEMIC ENGLISHⅡ(영강)중급/문과대학(국문, 노문, 독문, 불문, 서문, 영문, 일문, 중문) (1학년 우선 신청) *2~4학년 미이수자 및 재수강자-수강신청 정정기간 중 전체 학년 기간에 수강신청 가",Kirstie Bromenshenk,2.3,2.0,4.3,3.6,4.7
2022년 2학기,IFLS012(53),ACADEMIC,ENGLISH,화(5) 목(5) ,"ACADEMIC ENGLISHⅡ(영강)중급/심리학부/문과대학(사학, 사회학, 심리, 언어, 철학, 한국사학, 한문학) (1학년 우선 신청) *2~4학년 미이수자 및 재수강자-수강신청 정정기간 중 전체 학년 기간에 수",Patrice Reidy,2.9,2.5,2.4,2.2,3.1
2022년 2학기,IFLS012(54),ACADEMIC,ENGLISH,화(2) 목(2) ,"ACADEMIC ENGLISHⅡ(영강)중급/심리학부/문과대학(사학, 사회학, 심리, 언어, 철학, 한국사학, 한문학) (1학년 우선 신청) *2~4학년 미이수자 및 재수강자-수강신청 정정기간 중 전체 학년 기간에 수",Peter L. Sinclair,3.0,3.0,4.3,4.0,4.3
2022년 2학기,IFLS012(55),ACADEMIC,ENGLISH,월(4) 수(4) ,"ACADEMIC ENGLISHⅡ(영강)중급/심리학부/문과대학(사학, 사회학, 심리, 언어, 철학, 한국사학, 한문학) (1학년 우선 신청) *2~4학년 미이수자 및 재수강자-수강신청 정정기간 중 전체 학년 기간에 수",Peter L. Sinclair,2.7,2.7,4.3,3.0,4.7
2022년 2학기,IFLS012(56),ACADEMIC,ENGLISH,월(5) 수(5) ,"ACADEMIC ENGLISHⅡ(영강)중급/심리학부/문과대학(사학, 사회학, 심리, 언어, 철학, 한국사학, 한문학) (1학년 우선 신청) *2~4학년 미이수자 및 재수강자-수강신청 정정기간 중 전체 학년 기간에 수",Russell Mason,4.2,4.0,3.9,3.9,3.9
2022년 2학기,IFLS012(57),ACADEMIC,ENGLISH,월(6) 수(6) ,"ACADEMIC ENGLISHⅡ(영강)중급/심리학부/문과대학(사학, 사회학, 심리, 언어, 철학, 한국사학, 한문학) (1학년 우선 신청) *2~4학년 미이수자 및 재수강자-수강신청 정정기간 중 전체 학년 기간에 수",Patrice Reidy,3.4,3.2,2.9,2.3,3.6
2022년 2학기,IFLS012(58),ACADEMIC,ENGLISH,화(3) 목(3) ,"ACADEMIC ENGLISHⅡ(영강)중급/심리학부/문과대학(사학, 사회학, 심리, 언어, 철학, 한국사학, 한문학) (1학년 우선 신청) *2~4학년 미이수자 및 재수강자-수강신청 정정기간 중 전체 학년 기간에 수",Darius Goodwin,4.3,3.6,4.4,3.5,4.0
2022년 2학기,IFLS012(59),ACADEMIC,ENGLISH,화(4) 목(4) ,"ACADEMIC ENGLISHⅡ(영강)중급/심리학부/문과대학(사학, 사회학, 심리, 언어, 철학, 한국사학, 한문학) (1학년 우선 신청) *2~4학년 미이수자 및 재수강자-수강신청 정정기간 중 전체 학년 기간에 수",Peter L. Sinclair,3.7,3.9,4.0,3.9,4.1
2022년 2학기,IFLS012(60),ACADEMIC,ENGLISH,화(6) 목(6) ,"ACADEMIC ENGLISHⅡ(영강)중급/심리학부/문과대학(사학, 사회학, 심리, 언어, 철학, 한국사학, 한문학) (1학년 우선 신청) *2~4학년 미이수자 및 재수강자-수강신청 정정기간 중 전체 학년 기간에 수",Russell Mason,4.4,3.4,3.8,3.8,4.0
2022년 2학기,IFLS012(61),ACADEMIC,ENGLISH,월(2) 수(2) ,"ACADEMIC ENGLISHⅡ(영강)중급/심리학부/문과대학(사학, 사회학, 심리, 언어, 철학, 한국사학, 한문학) (1학년 우선 신청) *2~4학년 미이수자 및 재수강자-수강신청 정정기간 중 전체 학년 기간에 수",Darius Goodwin,4.1,3.3,4.3,3.1,3.7
2022년 2학기,IFLS012(62),ACADEMIC,ENGLISH,월(1) 수(1) ,"ACADEMIC ENGLISHⅡ(영강)중급/심리학부/문과대학(사학, 사회학, 심리, 언어, 철학, 한국사학, 한문학) (1학년 우선 신청) *2~4학년 미이수자 및 재수강자-수강신청 정정기간 중 전체 학년 기간에 수",Darius Goodwin,4.1,3.5,4.5,3.7,4.2
2022년 2학기,IFLS012(63),ACADEMIC,ENGLISH,월(3) 수(3) ,"ACADEMIC ENGLISHⅡ(영강)중급/심리학부/문과대학(사학, 사회학, 심리, 언어, 철학, 한국사학, 한문학) (1학년 우선 신청) *2~4학년 미이수자 및 재수강자-수강신청 정정기간 중 전체 학년 기간에 수",Russell Mason,4.5,3.6,3.4,3.6,3.8
2022년 2학기,IFLS012(64),ACADEMIC,ENGLISH,월(1) 수(1) ,"ACADEMIC ENGLISHⅡ(영강)중급/공과대학, 정보보호학부, 스마트보안학부 (1학년 우선 신청) *2~4학년 미이수자 및 재수강자-수강신청 정정기간 중 전체 학년 기간에 수강신청 가능",월쉬널래그첸드라베단,2.1,2.0,3.7,3.1,4.4
2022년 2학기,IFLS012(66),ACADEMIC,ENGLISH,월(3) 수(3) ,"ACADEMIC ENGLISHⅡ(영강)중급/공과대학, 정보보호학부, 스마트보안학부 (1학년 우선 신청) *2~4학년 미이수자 및 재수강자-수강신청 정정기간 중 전체 학년 기간에 수강신청 가능",Hudson Lim,2.9,2.4,4.5,3.6,4.6
2022년 2학기,IFLS012(67),ACADEMIC,ENGLISH,월(4) 수(4) ,"ACADEMIC ENGLISHⅡ(영강)중급/공과대학, 정보보호학부, 스마트보안학부 (1학년 우선 신청) *2~4학년 미이수자 및 재수강자-수강신청 정정기간 중 전체 학년 기간에 수강신청 가능",William du Plessis,2.7,2.6,3.9,3.4,4.1
2022년 2학기,IFLS012(68),ACADEMIC,ENGLISH,월(5) 수(5) ,"ACADEMIC ENGLISHⅡ(영강)중급/공과대학, 정보보호학부, 스마트보안학부 (1학년 우선 신청) *2~4학년 미이수자 및 재수강자-수강신청 정정기간 중 전체 학년 기간에 수강신청 가능",William du Plessis,2.7,2.5,3.8,3.6,4.1
2022년 2학기,IFLS012(69),ACADEMIC,ENGLISH,월(6) 수(6) ,"ACADEMIC ENGLISHⅡ(영강)중급/공과대학, 정보보호학부, 스마트보안학부 (1학년 우선 신청) *2~4학년 미이수자 및 재수강자-수강신청 정정기간 중 전체 학년 기간에 수강신청 가능",William du Plessis,2.1,2.6,3.6,3.4,4.3
2022년 2학기,IFLS012(70),ACADEMIC,ENGLISH,화(1) 목(1) ,"ACADEMIC ENGLISHⅡ(영강)중급/공과대학, 정보보호학부, 스마트보안학부 (1학년 우선 신청) *2~4학년 미이수자 및 재수강자-수강신청 정정기간 중 전체 학년 기간에 수강신청 가능",Youn-Soo Chang,4.4,2.6,4.1,3.4,3.9
2022년 2학기,IFLS012(71),ACADEMIC,ENGLISH,화(6) 목(6) ,"ACADEMIC ENGLISHⅡ(영강)중급/공과대학, 정보보호학부, 스마트보안학부 (1학년 우선 신청) *2~4학년 미이수자 및 재수강자-수강신청 정정기간 중 전체 학년 기간에 수강신청 가능",월쉬널래그첸드라베단,2.0,2.2,4.8,4.4,4.8
2022년 2학기,IFLS012(72),ACADEMIC,ENGLISH,화(2) 목(2) ,"ACADEMIC ENGLISHⅡ(영강)중급/공과대학, 정보보호학부, 스마트보안학부 (1학년 우선 신청) *2~4학년 미이수자 및 재수강자-수강신청 정정기간 중 전체 학년 기간에 수강신청 가능",William du Plessis,3.8,3.6,3.8,3.1,3.7
2022년 2학기,IFLS012(73),ACADEMIC,ENGLISH,화(4) 목(4) ,"ACADEMIC ENGLISHⅡ(영강)중급/공과대학, 정보보호학부, 스마트보안학부 (1학년 우선 신청) *2~4학년 미이수자 및 재수강자-수강신청 정정기간 중 전체 학년 기간에 수강신청 가능",Hudson Lim,2.6,1.9,4.8,3.8,4.7
2022년 2학기,IFLS012(74),ACADEMIC,ENGLISH,화(5) 목(5) ,"ACADEMIC ENGLISHⅡ(영강)중급/공과대학, 정보보호학부, 스마트보안학부 (1학년 우선 신청) *2~4학년 미이수자 및 재수강자-수강신청 정정기간 중 전체 학년 기간에 수강신청 가능",월쉬널래그첸드라베단,3.0,3.0,3.3,4.0,5.0
2022년 2학기,IFLS012(75),ACADEMIC,ENGLISH,화(4) 목(4) ,"ACADEMIC ENGLISHⅡ(영강)중급/공과대학, 정보보호학부, 스마트보안학부 (1학년 우선 신청) *2~4학년 미이수자 및 재수강자-수강신청 정정기간 중 전체 학년 기간에 수강신청 가능",월쉬널래그첸드라베단,2.5,2.5,3.9,3.8,4.5
2022년 2학기,IFLS012(76),ACADEMIC,ENGLISH,월(2) 수(2) ,"ACADEMIC ENGLISHⅡ(영강)중급/공과대학, 정보보호학부, 스마트보안학부 (1학년 우선 신청) *2~4학년 미이수자 및 재수강자-수강신청 정정기간 중 전체 학년 기간에 수강신청 가능",월쉬널래그첸드라베단,1.7,1.7,4.1,3.7,5.0
2022년 2학기,IFLS012(77),ACADEMIC,ENGLISH,월(4) 수(4) ,"ACADEMIC ENGLISHⅡ(영강)중급/공과대학, 정보보호학부, 스마트보안학부 (1학년 우선 신청) *2~4학년 미이수자 및 재수강자-수강신청 정정기간 중 전체 학년 기간에 수강신청 가능",THOMAS COURCHAINE,3.3,2.0,3.7,3.0,3.7
2022년 2학기,IFLS012(78),ACADEMIC,ENGLISH,월(6) 수(6) ,"ACADEMIC ENGLISHⅡ(영강)중급/공과대학, 정보보호학부, 스마트보안학부 (1학년 우선 신청) *2~4학년 미이수자 및 재수강자-수강신청 정정기간 중 전체 학년 기간에 수강신청 가능",THOMAS COURCHAINE,1.0,1.3,3.7,2.3,3.7
2022년 2학기,IFLS012(79),ACADEMIC,ENGLISH,화(5) 목(5) ,"ACADEMIC ENGLISHⅡ(영강)중급/공과대학, 정보보호학부, 스마트보안학부 (1학년 우선 신청) *2~4학년 미이수자 및 재수강자-수강신청 정정기간 중 전체 학년 기간에 수강신청 가능",William du Plessis,2.4,2.6,4.0,4.2,4.6
2022년 2학기,IFLS012(80),ACADEMIC,ENGLISH,화(1) 목(1) ,"ACADEMIC ENGLISHⅡ(영강)중급/공과대학, 정보보호학부, 스마트보안학부 (1학년 우선 신청) *2~4학년 미이수자 및 재수강자-수강신청 정정기간 중 전체 학년 기간에 수강신청 가능",Hudson Lim,2.1,1.4,4.6,4.5,4.8
2022년 2학기,IFLS012(81),ACADEMIC,ENGLISH,화(2) 목(2) ,"ACADEMIC ENGLISHⅡ(영강)중급/공과대학, 정보보호학부, 스마트보안학부 (1학년 우선 신청) *2~4학년 미이수자 및 재수강자-수강신청 정정기간 중 전체 학년 기간에 수강신청 가능",Hudson Lim,1.9,2.1,4.4,3.5,4.5
2022년 2학기,IFLS012(82),ACADEMIC,ENGLISH,화(3) 목(3) ,"ACADEMIC ENGLISHⅡ(영강)중급/공과대학, 정보보호학부, 스마트보안학부 (1학년 우선 신청) *2~4학년 미이수자 및 재수강자-수강신청 정정기간 중 전체 학년 기간에 수강신청 가능",Hudson Lim,1.8,1.5,5.0,3.8,4.8
2022년 2학기,IFLS012(83),ACADEMIC,ENGLISH,월(3) 수(3) ,"ACADEMIC ENGLISHⅡ(영강)중급/공과대학, 정보보호학부, 스마트보안학부 (1학년 우선 신청) *2~4학년 미이수자 및 재수강자-수강신청 정정기간 중 전체 학년 기간에 수강신청 가능",Youn-Soo Chang,3.6,2.8,4.5,3.8,4.6
2022년 2학기,IFLS012(84),ACADEMIC,ENGLISH,화(4) 목(4) ,"ACADEMIC ENGLISHⅡ(영강)중급/공과대학, 정보보호학부, 스마트보안학부 (1학년 우선 신청) *2~4학년 미이수자 및 재수강자-수강신청 정정기간 중 전체 학년 기간에 수강신청 가능",Youn-Soo Chang,4.3,3.0,4.3,3.8,4.0
2022년 2학기,IFLS012(85),ACADEMIC,ENGLISH,월(3) 수(3) ,"ACADEMIC ENGLISHⅡ(영강)중급/공과대학, 정보보호학부, 스마트보안학부 (1학년 우선 신청) *2~4학년 미이수자 및 재수강자-수강신청 정정기간 중 전체 학년 기간에 수강신청 가능",월쉬널래그첸드라베단,2.0,2.6,3.9,3.0,4.4
2022년 2학기,IFLS012(86),ACADEMIC,ENGLISH,화(2) 목(2) ,"ACADEMIC ENGLISHⅡ(영강)중급/공과대학, 정보보호학부, 스마트보안학부 (1학년 우선 신청) *2~4학년 미이수자 및 재수강자-수강신청 정정기간 중 전체 학년 기간에 수강신청 가능",Youn-Soo Chang,4.1,3.5,4.4,3.5,3.6
2022년 2학기,IFLS012(87),ACADEMIC,ENGLISH,화(3) 목(3) ,"ACADEMIC ENGLISHⅡ(영강)중급/공과대학, 정보보호학부, 스마트보안학부 (1학년 우선 신청) *2~4학년 미이수자 및 재수강자-수강신청 정정기간 중 전체 학년 기간에 수강신청 가능",Youn-Soo Chang,3.9,3.4,4.1,3.7,3.9
2022년 2학기,IFLS012(88),ACADEMIC,ENGLISH,화(6) 목(6) ,"ACADEMIC ENGLISHⅡ(영강)중급/공과대학, 정보보호학부, 스마트보안학부 (1학년 우선 신청) *2~4학년 미이수자 및 재수강자-수강신청 정정기간 중 전체 학년 기간에 수강신청 가능",William du Plessis,2.0,2.0,4.0,4.0,4.0
2022년 2학기,IFLS012(89),ACADEMIC,ENGLISH,월(1) 수(1) ,"ACADEMIC ENGLISHⅡ(영강)중급/공과대학, 정보보호학부, 스마트보안학부 (1학년 우선 신청) *2~4학년 미이수자 및 재수강자-수강신청 정정기간 중 전체 학년 기간에 수강신청 가능",Youn-Soo Chang,3.7,2.2,4.2,2.3,4.5
2022년 2학기,IFLS012(90),ACADEMIC,ENGLISH,월(1) 수(1) ,"ACADEMIC ENGLISHⅡ(영강)중급/생명과학대학, 의과대학, 이과대학(1학년 우선 신청) *2~4학년 미이수자 및 재수강자-수강신청 정정기간 중 전체 학년 기간에 수강신청 가능",Kara June Ritchhart,2.0,2.5,4.2,3.0,4.8
2022년 2학기,IFLS012(91),ACADEMIC,ENGLISH,화(2) 목(2) ,"ACADEMIC ENGLISHⅡ(영강)중급/생명과학대학, 의과대학, 이과대학(1학년 우선 신청) *2~4학년 미이수자 및 재수강자-수강신청 정정기간 중 전체 학년 기간에 수강신청 가능",Gil Michael Ian Coombe,3.9,3.9,4.7,3.9,3.7
2022년 2학기,IFLS012(92),ACADEMIC,ENGLISH,월(3) 수(3) ,"ACADEMIC ENGLISHⅡ(영강)중급/생명과학대학, 의과대학, 이과대학(1학년 우선 신청) *2~4학년 미이수자 및 재수강자-수강신청 정정기간 중 전체 학년 기간에 수강신청 가능",Benjamin Fallon,3.1,2.7,3.3,3.1,4.3
2022년 2학기,IFLS012(93),ACADEMIC,ENGLISH,화(1) 목(1) ,"ACADEMIC ENGLISHⅡ(영강)중급/생명과학대학, 의과대학, 이과대학(1학년 우선 신청) *2~4학년 미이수자 및 재수강자-수강신청 정정기간 중 전체 학년 기간에 수강신청 가능",Benjamin Fallon,2.8,3.0,4.2,3.3,4.0
2022년 2학기,IFLS012(94),ACADEMIC,ENGLISH,월(4) 수(4) ,"ACADEMIC ENGLISHⅡ(영강)중급/생명과학대학, 의과대학, 이과대학(1학년 우선 신청) *2~4학년 미이수자 및 재수강자-수강신청 정정기간 중 전체 학년 기간에 수강신청 가능",David W. Wellbaum,2.7,4.0,4.0,2.7,3.7
2022년 2학기,IFLS012(95),ACADEMIC,ENGLISH,월(6) 수(6) ,"ACADEMIC ENGLISHⅡ(영강)중급/생명과학대학, 의과대학, 이과대학(1학년 우선 신청) *2~4학년 미이수자 및 재수강자-수강신청 정정기간 중 전체 학년 기간에 수강신청 가능",David W. Wellbaum,2.7,3.4,4.5,3.9,4.4
2022년 2학기,IFLS012(96),ACADEMIC,ENGLISH,화(4) 목(4) ,"ACADEMIC ENGLISHⅡ(영강)중급/생명과학대학, 의과대학, 이과대학(1학년 우선 신청) *2~4학년 미이수자 및 재수강자-수강신청 정정기간 중 전체 학년 기간에 수강신청 가능",David W. Wellbaum,2.9,3.4,4.3,3.1,3.6
2022년 2학기,IFLS012(97),ACADEMIC,ENGLISH,화(1) 목(1) ,"ACADEMIC ENGLISHⅡ(영강)중급/생명과학대학, 의과대학, 이과대학(1학년 우선 신청) *2~4학년 미이수자 및 재수강자-수강신청 정정기간 중 전체 학년 기간에 수강신청 가능",Gil Michael Ian Coombe,4.1,3.7,4.9,4.3,4.4
2022년 2학기,IFLS012(99),ACADEMIC,ENGLISH,화(3) 목(3) ,"ACADEMIC ENGLISHⅡ(영강)중급/생명과학대학, 의과대학, 이과대학(1학년 우선 신청) *2~4학년 미이수자 및 재수강자-수강신청 정정기간 중 전체 학년 기간에 수강신청 가능",Gil Michael Ian Coombe,4.6,3.6,4.9,4.1,4.0
2022년 2학기,IFLS012(A2),ACADEMIC,ENGLISH,화(5) 목(5) ,"ACADEMIC ENGLISHⅡ(영강)중급/생명과학대학, 의과대학, 이과대학(1학년 우선 신청) *2~4학년 미이수자 및 재수강자-수강신청 정정기간 중 전체 학년 기간에 수강신청 가능",Deborah Moon,3.9,3.4,3.8,3.1,4.1
2022년 2학기,IFLS012(A3),ACADEMIC,ENGLISH,화(6) 목(6) ,"ACADEMIC ENGLISHⅡ(영강)중급/생명과학대학, 의과대학, 이과대학(1학년 우선 신청) *2~4학년 미이수자 및 재수강자-수강신청 정정기간 중 전체 학년 기간에 수강신청 가능",Deborah Moon,3.5,3.0,3.8,3.5,3.5
2022년 2학기,IFLS012(A4),ACADEMIC,ENGLISH,월(3) 수(3) ,"ACADEMIC ENGLISHⅡ(영강)중급/생명과학대학, 의과대학, 이과대학(1학년 우선 신청) *2~4학년 미이수자 및 재수강자-수강신청 정정기간 중 전체 학년 기간에 수강신청 가능",Gil Michael Ian Coombe,4.7,4.0,5.0,4.3,4.2
2022년 2학기,IFLS012(A5),ACADEMIC,ENGLISH,월(2) 수(2) ,"ACADEMIC ENGLISHⅡ(영강)중급/생명과학대학, 의과대학, 이과대학(1학년 우선 신청) *2~4학년 미이수자 및 재수강자-수강신청 정정기간 중 전체 학년 기간에 수강신청 가능",Kara June Ritchhart,2.3,2.2,3.5,3.3,4.3
2022년 2학기,IFLS012(A6),ACADEMIC,ENGLISH,월(4) 수(4) ,"ACADEMIC ENGLISHⅡ(영강)중급/생명과학대학, 의과대학, 이과대학(1학년 우선 신청) *2~4학년 미이수자 및 재수강자-수강신청 정정기간 중 전체 학년 기간에 수강신청 가능",Kara June Ritchhart,2.3,2.0,3.3,2.7,4.7
2022년 2학기,IFLS012(A7),ACADEMIC,ENGLISH,월(5) 수(5) ,"ACADEMIC ENGLISHⅡ(영강)중급/생명과학대학, 의과대학, 이과대학(1학년 우선 신청) *2~4학년 미이수자 및 재수강자-수강신청 정정기간 중 전체 학년 기간에 수강신청 가능",Deborah Moon,3.9,3.6,3.4,2.7,3.1
2022년 2학기,IFLS012(A8),ACADEMIC,ENGLISH,화(4) 목(4) ,"ACADEMIC ENGLISHⅡ(영강)중급/생명과학대학, 의과대학, 이과대학(1학년 우선 신청) *2~4학년 미이수자 및 재수강자-수강신청 정정기간 중 전체 학년 기간에 수강신청 가능",Benjamin Fallon,3.4,2.7,4.0,3.1,4.1
2022년 2학기,IFLS012(A9),ACADEMIC,ENGLISH,월(2) 수(2) ,"ACADEMIC ENGLISHⅡ(영강)중급/생명과학대학, 의과대학, 이과대학(1학년 우선 신청) *2~4학년 미이수자 및 재수강자-수강신청 정정기간 중 전체 학년 기간에 수강신청 가능",Benjamin Fallon,4.7,4.0,4.2,2.8,3.5
2022년 2학기,IFLS012(B1),ACADEMIC,ENGLISH,화(3) 목(3) ,"ACADEMIC ENGLISHⅡ(영강)중급/생명과학대학, 의과대학, 이과대학(1학년 우선 신청) *2~4학년 미이수자 및 재수강자-수강신청 정정기간 중 전체 학년 기간에 수강신청 가능",Benjamin Fallon,3.3,2.8,3.3,2.5,3.0
2022년 2학기,IFLS012(B2),ACADEMIC,ENGLISH,화(3) 목(3) ,"ACADEMIC ENGLISHⅡ(영강)중급/생명과학대학, 의과대학, 이과대학(1학년 우선 신청) *2~4학년 미이수자 및 재수강자-수강신청 정정기간 중 전체 학년 기간에 수강신청 가능",David W. Wellbaum,3.5,3.8,4.3,3.2,3.8
2022년 2학기,IFLS012(B3),ACADEMIC,ENGLISH,화(6) 목(6) ,"ACADEMIC ENGLISHⅡ(영강)중급/생명과학대학, 의과대학, 이과대학(1학년 우선 신청) *2~4학년 미이수자 및 재수강자-수강신청 정정기간 중 전체 학년 기간에 수강신청 가능",David W. Wellbaum,2.2,3.2,4.1,3.4,3.8
2022년 2학기,IFLS012(B4),ACADEMIC,ENGLISH,화(1) 목(1) ,"ACADEMIC ENGLISHⅡ(영강)중급/간호대학, 보건과학대학(1학년 우선 신청) *2~4학년 미이수자 및 재수강자-수강신청 정정기간 중 전체 학년 기간에 수강신청 가능",William du Plessis,2.6,2.6,4.4,3.8,4.8
2022년 2학기,IFLS012(B5),ACADEMIC,ENGLISH,화(2) 목(2) ,"ACADEMIC ENGLISHⅡ(영강)중급/간호대학, 보건과학대학(1학년 우선 신청) *2~4학년 미이수자 및 재수강자-수강신청 정정기간 중 전체 학년 기간에 수강신청 가능",David M. Duke,2.4,2.4,3.7,2.8,3.6
2022년 2학기,IFLS012(B6),ACADEMIC,ENGLISH,월(5) 수(5) ,"ACADEMIC ENGLISHⅡ(영강)중급/간호대학, 보건과학대학(1학년 우선 신청) *2~4학년 미이수자 및 재수강자-수강신청 정정기간 중 전체 학년 기간에 수강신청 가능",David M. Duke,2.3,2.4,4.2,3.4,4.7
2022년 2학기,IFLS012(B7),ACADEMIC,ENGLISH,월(6) 수(6) ,"ACADEMIC ENGLISHⅡ(영강)중급/간호대학, 보건과학대학(1학년 우선 신청) *2~4학년 미이수자 및 재수강자-수강신청 정정기간 중 전체 학년 기간에 수강신청 가능",Michael D. Blackwood,3.2,3.1,4.2,3.5,4.4
2022년 2학기,IFLS012(B8),ACADEMIC,ENGLISH,월(4) 수(4) ,"ACADEMIC ENGLISHⅡ(영강)중급/간호대학, 보건과학대학(1학년 우선 신청) *2~4학년 미이수자 및 재수강자-수강신청 정정기간 중 전체 학년 기간에 수강신청 가능",Manuel Lara,4.4,3.7,2.8,2.8,3.2
2022년 2학기,IFLS012(B9),ACADEMIC,ENGLISH,월(3) 수(3) ,"ACADEMIC ENGLISHⅡ(영강)중급/간호대학, 보건과학대학(1학년 우선 신청) *2~4학년 미이수자 및 재수강자-수강신청 정정기간 중 전체 학년 기간에 수강신청 가능",David M. Duke,2.0,2.6,4.0,3.4,4.6
2022년 2학기,IFLS012(C1),ACADEMIC,ENGLISH,월(4) 수(4) ,"ACADEMIC ENGLISHⅡ(영강)중급/간호대학, 보건과학대학(1학년 우선 신청) *2~4학년 미이수자 및 재수강자-수강신청 정정기간 중 전체 학년 기간에 수강신청 가능",Michael D. Blackwood,2.0,1.9,4.2,3.0,4.3
2022년 2학기,IFLS012(C2),ACADEMIC,ENGLISH,화(4) 목(4) ,"ACADEMIC ENGLISHⅡ(영강)중급/간호대학, 보건과학대학(1학년 우선 신청) *2~4학년 미이수자 및 재수강자-수강신청 정정기간 중 전체 학년 기간에 수강신청 가능",David M. Duke,2.2,2.5,4.1,3.5,4.2
2022년 2학기,IFLS012(C3),ACADEMIC,ENGLISH,화(5) 목(5) ,"ACADEMIC ENGLISHⅡ(영강)중급/간호대학, 보건과학대학(1학년 우선 신청) *2~4학년 미이수자 및 재수강자-수강신청 정정기간 중 전체 학년 기간에 수강신청 가능",David M. Duke,2.6,2.0,4.6,4.0,4.8
2022년 2학기,IFLS012(C5),ACADEMIC,ENGLISH,월(2) 수(2) ,"ACADEMIC ENGLISHⅡ(영강)중급/간호대학, 보건과학대학(1학년 우선 신청) *2~4학년 미이수자 및 재수강자-수강신청 정정기간 중 전체 학년 기간에 수강신청 가능",David M. Duke,3.6,3.4,4.0,3.1,4.0
2022년 2학기,IFLS012(C6),ACADEMIC,ENGLISH,화(3) 목(3) ,"ACADEMIC ENGLISHⅡ(영강)중급/간호대학, 보건과학대학(1학년 우선 신청) *2~4학년 미이수자 및 재수강자-수강신청 정정기간 중 전체 학년 기간에 수강신청 가능",Manuel Lara,4.6,2.6,3.0,2.8,3.0
2022년 2학기,IFLS012(C8),ACADEMIC,ENGLISH,월(2) 수(2) ,"ACADEMIC ENGLISHⅡ(영강)중급/사범대학, 디자인조형학부(1학년 우선 신청) *2~4학년 미이수자 및 재수강자-수강신청 정정기간 중 전체 학년 기간에 수강신청 가능",Rockwell H. Stewart,3.7,3.3,3.6,2.8,3.9
2022년 2학기,IFLS012(C9),ACADEMIC,ENGLISH,월(3) 수(3) ,"ACADEMIC ENGLISHⅡ(영강)중급/사범대학, 디자인조형학부(1학년 우선 신청) *2~4학년 미이수자 및 재수강자-수강신청 정정기간 중 전체 학년 기간에 수강신청 가능",Joyce Sun Hyong Paek,3.5,3.2,4.4,3.7,4.5
2022년 2학기,IFLS012(D1),ACADEMIC,ENGLISH,월(4) 수(4) ,"ACADEMIC ENGLISHⅡ(영강)중급/사범대학, 디자인조형학부(1학년 우선 신청) *2~4학년 미이수자 및 재수강자-수강신청 정정기간 중 전체 학년 기간에 수강신청 가능",Joyce Sun Hyong Paek,3.3,2.9,4.0,3.3,3.7
2022년 2학기,IFLS012(D2),ACADEMIC,ENGLISH,월(5) 수(5) ,"ACADEMIC ENGLISHⅡ(영강)중급/사범대학, 디자인조형학부(1학년 우선 신청) *2~4학년 미이수자 및 재수강자-수강신청 정정기간 중 전체 학년 기간에 수강신청 가능",잼버졸탄폴,1.7,2.4,3.8,3.1,4.1
2022년 2학기,IFLS012(D3),ACADEMIC,ENGLISH,월(6) 수(6) ,"ACADEMIC ENGLISHⅡ(영강)중급/사범대학, 디자인조형학부(1학년 우선 신청) *2~4학년 미이수자 및 재수강자-수강신청 정정기간 중 전체 학년 기간에 수강신청 가능",Russell Mason,4.8,3.8,3.3,2.8,3.2
2022년 2학기,IFLS012(D5),ACADEMIC,ENGLISH,화(2) 목(2) ,"ACADEMIC ENGLISHⅡ(영강)중급/사범대학, 디자인조형학부(1학년 우선 신청) *2~4학년 미이수자 및 재수강자-수강신청 정정기간 중 전체 학년 기간에 수강신청 가능",잼버졸탄폴,2.1,3.3,3.6,2.9,3.3
2022년 2학기,IFLS012(D6),ACADEMIC,ENGLISH,화(3) 목(3) ,"ACADEMIC ENGLISHⅡ(영강)중급/사범대학, 디자인조형학부(1학년 우선 신청) *2~4학년 미이수자 및 재수강자-수강신청 정정기간 중 전체 학년 기간에 수강신청 가능",Rockwell H. Stewart,4.0,4.0,3.8,3.3,4.2
2022년 2학기,IFLS012(D7),ACADEMIC,ENGLISH,화(4) 목(4) ,"ACADEMIC ENGLISHⅡ(영강)중급/사범대학, 디자인조형학부(1학년 우선 신청) *2~4학년 미이수자 및 재수강자-수강신청 정정기간 중 전체 학년 기간에 수강신청 가능",잼버졸탄폴,1.9,1.8,4.1,3.1,4.8
2022년 2학기,IFLS012(D8),ACADEMIC,ENGLISH,화(5) 목(5) ,"ACADEMIC ENGLISHⅡ(영강)중급/사범대학, 디자인조형학부(1학년 우선 신청) *2~4학년 미이수자 및 재수강자-수강신청 정정기간 중 전체 학년 기간에 수강신청 가능",Russell Mason,4.3,4.2,4.2,3.3,3.3
2022년 2학기,IFLS012(D9),ACADEMIC,ENGLISH,화(6) 목(6) ,"ACADEMIC ENGLISHⅡ(영강)중급/사범대학, 디자인조형학부(1학년 우선 신청) *2~4학년 미이수자 및 재수강자-수강신청 정정기간 중 전체 학년 기간에 수강신청 가능",잼버졸탄폴,1.8,2.7,4.0,3.5,4.7
2022년 2학기,IFLS012(E1),ACADEMIC,ENGLISH,월(5) 수(5) ,"ACADEMIC ENGLISHⅡ(영강)중급/정보대학-컴퓨터학과, 데이터과학과(1학년 우선 신청) *2~4학년 미이수자 및 재수강자-수강신청 정정기간 중 전체 학년 기간에 수강신청 가능",Zoe Ksan Rubadeau,4.6,3.5,4.1,2.7,3.7
2022년 2학기,IFLS012(E2),ACADEMIC,ENGLISH,월(6) 수(6) ,"ACADEMIC ENGLISHⅡ(영강)중급/정보대학-컴퓨터학과, 데이터과학과(1학년 우선 신청) *2~4학년 미이수자 및 재수강자-수강신청 정정기간 중 전체 학년 기간에 수강신청 가능",Zoe Ksan Rubadeau,4.1,3.0,4.3,3.6,3.7
2022년 2학기,IFLS012(E3),ACADEMIC,ENGLISH,월(7) 수(7) ,"ACADEMIC ENGLISHⅡ(영강)중급/정보대학-컴퓨터학과, 데이터과학과(1학년 우선 신청) *2~4학년 미이수자 및 재수강자-수강신청 정정기간 중 전체 학년 기간에 수강신청 가능",Zoe Ksan Rubadeau,4.7,3.3,4.3,4.3,4.0
2022년 2학기,IFLS012(E4),ACADEMIC,ENGLISH,화(3) 목(3) ,"ACADEMIC ENGLISHⅡ(영강)중급/정보대학-컴퓨터학과, 데이터과학과(1학년 우선 신청) *2~4학년 미이수자 및 재수강자-수강신청 정정기간 중 전체 학년 기간에 수강신청 가능",Zoe Ksan Rubadeau,4.6,4.4,3.6,2.5,2.3
2022년 2학기,IFLS012(E5),ACADEMIC,ENGLISH,화(6) 목(6) ,"ACADEMIC ENGLISHⅡ(영강)중급/정보대학-컴퓨터학과, 데이터과학과(1학년 우선 신청) *2~4학년 미이수자 및 재수강자-수강신청 정정기간 중 전체 학년 기간에 수강신청 가능",Zoe Ksan Rubadeau,4.3,3.1,4.0,3.2,3.3
2022년 2학기,IFLS012(E6),ACADEMIC,ENGLISH,화(4) 목(4) ,"ACADEMIC ENGLISHⅡ(영강)중급/정보대학-컴퓨터학과, 데이터과학과(1학년 우선 신청) *2~4학년 미이수자 및 재수강자-수강신청 정정기간 중 전체 학년 기간에 수강신청 가능",Zoe Ksan Rubadeau,4.3,3.3,3.8,3.3,3.8
2022년 2학기,IFLS012(G1),ACADEMIC,ENGLISH,월(1-2) ,ACADEMIC ENGLISHⅡ(영강)체육특기자반,Hudson Lim,-,-,-,-,-
2022년 2학기,IFLS012(G2),ACADEMIC,ENGLISH,수(1-2) ,ACADEMIC ENGLISHⅡ(영강)체육특기자반,Hudson Lim,-,-,-,-,-
2022년 2학기,IFLS012(L1),ACADEMIC,ENGLISH,월(4) 수(4) ,ACADEMIC ENGLISHⅡ(영강)초급(외국인반),David M. Duke,-,-,-,-,-
2022년 2학기,IFLS012(L3),ACADEMIC,ENGLISH,화(2) 목(2) ,ACADEMIC ENGLISHⅡ(영강)초급,David M. Docherty,2.5,2.5,2.5,1.8,3.0
2022년 2학기,IFLS012(L4),ACADEMIC,ENGLISH,화(3) 목(3) ,ACADEMIC ENGLISHⅡ(영강)초급,Anthony Death,2.8,2.9,3.5,2.9,3.9
2022년 2학기,IFLS012(L5),ACADEMIC,ENGLISH,월(1) 수(1) ,ACADEMIC ENGLISHⅡ(영강)초급,Kirstie Bromenshenk,2.4,2.1,4.0,3.4,4.7
2022년 2학기,IFLS012(L6),ACADEMIC,ENGLISH,월(5) 수(5) ,ACADEMIC ENGLISHⅡ(영강)초급,Patrice Reidy,3.0,2.1,4.3,3.7,4.6
2022년 2학기,IFLS012(L7),ACADEMIC,ENGLISH,월(4) 수(4) ,ACADEMIC ENGLISHⅡ(영강)초급,Patrice Reidy,2.6,2.1,2.7,1.9,3.8
2022년 2학기,IFLS012(L8),ACADEMIC,ENGLISH,화(1) 목(1) ,ACADEMIC ENGLISHⅡ(영강)초급,Kara June Ritchhart,1.7,1.5,4.7,4.2,4.5
2022년 2학기,IFLS012(LA),ACADEMIC,ENGLISH,화(2) 목(2) ,ACADEMIC ENGLISHⅡ(영강)초급,Joyce Sun Hyong Paek,3.1,2.7,4.7,3.7,4.7
2022년 2학기,IFLS012(LB),ACADEMIC,ENGLISH,화(3) 목(3) ,ACADEMIC ENGLISHⅡ(영강)초급,Paulette M. Hawkins,3.4,3.6,3.0,2.6,3.3
2022년 2학기,IFLS012(LC),ACADEMIC,ENGLISH,화(6) 목(6) ,ACADEMIC ENGLISHⅡ(영강)초급,Patrice Reidy,1.8,1.7,3.2,2.5,4.7
2022년 2학기,IFLS012(LD),ACADEMIC,ENGLISH,화(1) 목(1) ,ACADEMIC ENGLISHⅡ(영강)초급,Rockwell H. Stewart,3.6,2.5,3.3,2.4,3.4
2022년 2학기,IFLS012(LE),ACADEMIC,ENGLISH,월(1) 수(1) ,ACADEMIC ENGLISHⅡ(영강)초급,Thomas Walsh,3.0,2.8,3.8,2.8,3.4
2022년 2학기,IFLS012(LF),ACADEMIC,ENGLISH,화(5) 목(5) ,ACADEMIC ENGLISHⅡ(영강)초급,Derek Winchester,3.2,1.8,4.2,3.8,4.8
2022년 2학기,IFLS012(LG),ACADEMIC,ENGLISH,월(3) 수(3) ,ACADEMIC ENGLISHⅡ(영강)초급,Rockwell H. Stewart,3.7,3.5,4.0,3.5,4.0
2022년 2학기,IFLS012(LH),ACADEMIC,ENGLISH,월(6) 수(6) ,ACADEMIC ENGLISHⅡ(영강)초급,Derek Winchester,2.2,2.6,3.8,2.9,4.2
2022년 2학기,IFLS012(LI),ACADEMIC,ENGLISH,화(4) 목(4) ,ACADEMIC ENGLISHⅡ(영강)초급,Joyce Sun Hyong Paek,3.4,2.8,5.0,4.4,4.6
2022년 2학기,IFLS012(LJ),ACADEMIC,ENGLISH,월(2) 수(2) ,ACADEMIC ENGLISHⅡ(영강)초급,Thomas Walsh,2.8,2.0,4.3,3.5,4.0
2022년 2학기,IFLS012(LK),ACADEMIC,ENGLISH,화(1) 목(1) ,ACADEMIC ENGLISHⅡ(영강)초급,Kirstie Bromenshenk,1.9,2.1,4.0,3.4,4.6
2022년 2학기,IFLS012(LL),ACADEMIC,ENGLISH,월(6) 수(6) ,ACADEMIC ENGLISHⅡ(영강)초급,Deborah Moon,3.6,3.0,4.1,3.4,3.4
2022년 2학기,IFLS012(LM),ACADEMIC,ENGLISH,월(2) 수(2) ,ACADEMIC ENGLISHⅡ(영강)초급,잼버졸탄폴,2.8,2.5,4.0,4.0,4.5
2022년 2학기,IFLS012(LN),ACADEMIC,ENGLISH,월(7) 수(7) ,ACADEMIC ENGLISHⅡ(영강)초급,Deborah Moon,1.0,2.0,4.0,3.0,5.0
2022년 2학기,IFLS012(LO),ACADEMIC,ENGLISH,화(7) 목(7) ,ACADEMIC ENGLISHⅡ(영강)초급,Patrice Reidy,2.5,2.0,5.0,3.5,5.0
2022년 2학기,IFLS012(LP),ACADEMIC,ENGLISH,월(1) 수(1) ,ACADEMIC ENGLISHⅡ(영강)초급,Joyce Sun Hyong Paek,3.7,2.8,4.7,4.0,4.6
2022년 2학기,IFLS012(LQ),ACADEMIC,ENGLISH,월(4) 수(4) ,ACADEMIC ENGLISHⅡ(영강)초급,Anthony Death,2.6,3.4,3.4,3.6,4.0
2022년 2학기,IFLS012(LR),ACADEMIC,ENGLISH,화(5) 목(5) ,ACADEMIC ENGLISHⅡ(영강)초급,THOMAS COURCHAINE,3.2,3.0,3.0,2.6,4.0
2022년 2학기,IFLS012(LS),ACADEMIC,ENGLISH,화(7) 목(7) ,ACADEMIC ENGLISHⅡ(영강)초급,Deborah Moon,4.8,3.5,4.5,4.0,4.0
2022년 여름학기,IFLS012(A0),ACADEMIC,ENGLISH,월(3-4) 화(3-4) 수(3-4) 목(3-4) ,ACADEMIC ENGLISHⅡ(영강)중급 재수강반,Peter L. Sinclair,4.0,4.0,3.5,2.5,3.2
2022년 1학기,IFLS012(R1),ACADEMIC,ENGLISH,월(2) 수(2) ,ACADEMIC ENGLISHⅡ(영강)초급 재수강/미이수자반(일반 2012-2021학번),Anthony Hanf,-,-,-,-,-
2022년 1학기,IFLS012(R2),ACADEMIC,ENGLISH,화(1) 목(1) ,ACADEMIC ENGLISHⅡ(영강)초급 재수강/미이수자반(일반 2012-2021학번),Anthony Death,-,-,-,-,-
2022년 1학기,IFLS012(R3),ACADEMIC,ENGLISH,화(2) 목(2) ,ACADEMIC ENGLISHⅡ(영강)초급 재수강/미이수자반(일반 2012-2021학번),Anthony Hanf,2.8,2.8,2.3,2.0,2.5
2022년 1학기,IFLS012(R5),ACADEMIC,ENGLISH,월(6) 수(6) ,ACADEMIC ENGLISHⅡ(영강)초급 재수강/미이수자반(일반 2012-2021학번),잼버졸탄폴,2.5,2.0,4.3,3.5,4.5
2022년 1학기,IFLS012(R6),ACADEMIC,ENGLISH,화(2) 목(2) ,ACADEMIC ENGLISHⅡ(영강)초급 재수강/미이수자반(일반 2012-2021학번),Alexander Vos,3.0,3.0,4.0,3.3,4.3
2022년 1학기,IFLS012(RA),ACADEMIC,ENGLISH,월(2) 수(2) ,ACADEMIC ENGLISHⅡ(영강)중급 재수강/미이수자반(일반 2012-2021학번),Thomas Walsh,2.3,2.3,3.0,1.7,2.7
2022년 1학기,IFLS012(RB),ACADEMIC,ENGLISH,월(1) 수(1) ,ACADEMIC ENGLISHⅡ(영강)중급 재수강/미이수자반(일반 2012-2021학번),Youn-Soo Chang,3.0,3.0,4.3,3.7,5.0
2022년 1학기,IFLS012(RC),ACADEMIC,ENGLISH,월(5) 수(5) ,ACADEMIC ENGLISHⅡ(영강)중급 재수강/미이수자반(일반 2012-2021학번),Mark Robert Eade,3.3,2.8,3.0,2.3,3.8
2022년 1학기,IFLS012(RD),ACADEMIC,ENGLISH,화(6) 목(6) ,ACADEMIC ENGLISHⅡ(영강)중급 재수강/미이수자반(일반 2012-2021학번),David M. Duke,2.5,2.0,4.5,2.5,4.5
2022년 1학기,IFLS012(RE),ACADEMIC,ENGLISH,화(2) 목(2) ,ACADEMIC ENGLISHⅡ(영강)중급 재수강/미이수자반(일반 2012-2021학번),Darius Goodwin,3.1,2.1,4.4,3.7,4.6
2022년 1학기,IFLS012(RF),ACADEMIC,ENGLISH,화(1) 목(1) ,ACADEMIC ENGLISHⅡ(영강)중급 재수강/미이수자반(일반 2012-2021학번),Darius Goodwin,3.2,2.6,4.3,3.0,3.8
2022년 1학기,IFLS012(RG),ACADEMIC,ENGLISH,월(1) 수(1) ,ACADEMIC ENGLISHⅡ(영강)중급 재수강/미이수자반(일반 2012-2021학번),Thomas Walsh,3.5,3.0,4.3,3.8,4.1
2022년 1학기,IFLS012(RH),ACADEMIC,ENGLISH,화(5) 목(5) ,ACADEMIC ENGLISHⅡ(영강)중급 재수강/미이수자반(일반 2012-2021학번),Michael A. Mumford,3.2,2.8,4.3,3.3,4.5
2022년 1학기,IFLS012(RI),ACADEMIC,ENGLISH,화(5) 목(5) ,ACADEMIC ENGLISHⅡ(영강)중급 재수강/미이수자반(일반 2012-2021학번),Benjamin Fallon,3.3,3.2,3.2,2.5,3.2
2022년 1학기,IFLS012(RJ),ACADEMIC,ENGLISH,월(7) 수(7) ,ACADEMIC ENGLISHⅡ(영강)중급 재수강/미이수자반(일반 2012-2021학번),Glenn P. Sundeen,3.3,3.0,5.0,3.3,5.0
2022년 1학기,IFLS012(RK),ACADEMIC,ENGLISH,월(5) 수(5) ,ACADEMIC ENGLISHⅡ(영강)중급 재수강/미이수자반(일반 2012-2021학번),David W. Wellbaum,4.0,3.0,4.3,3.7,4.3
2021년 겨울학기,IFLS012(B0),ACADEMIC,ENGLISH,월(5-6) 화(5-6) 수(5-6) 목(5-6) ,ACADEMIC ENGLISHⅡ(영강)중급 재수강반,David W. Wellbaum,3.1,3.1,4.0,3.3,4.1
2021년 2학기,IFLS012(01),ACADEMIC,ENGLISH,월(1) 수(1) ,"ACADEMIC ENGLISHⅡ(영강)중급/경영대학,자유전공학부(1학년 우선 신청) *2~4학년 미이수자&재수강자-수강신청 정정기간 중 전체학년 기간에 수강신청 가능",David M. Docherty,1.9,2.1,2.9,2.6,4.2
2021년 2학기,IFLS012(02),ACADEMIC,ENGLISH,월(2) 수(2) ,"ACADEMIC ENGLISHⅡ(영강)중급/경영대학,자유전공학부(1학년 우선 신청) *2~4학년 미이수자&재수강자-수강신청 정정기간 중 전체학년 기간에 수강신청 가능",David M. Docherty,1.7,2.9,3.0,2.7,3.9
2021년 2학기,IFLS012(03),ACADEMIC,ENGLISH,월(3) 수(3) ,"ACADEMIC ENGLISHⅡ(영강)중급/경영대학,자유전공학부(1학년 우선 신청) *2~4학년 미이수자&재수강자-수강신청 정정기간 중 전체학년 기간에 수강신청 가능",David M. Docherty,2.0,2.1,3.1,2.8,4.1
2021년 2학기,IFLS012(04),ACADEMIC,ENGLISH,월(5) 수(5) ,"ACADEMIC ENGLISHⅡ(영강)중급/경영대학,자유전공학부(1학년 우선 신청) *2~4학년 미이수자&재수강자-수강신청 정정기간 중 전체학년 기간에 수강신청 가능",Paulette M. Hawkins,2.4,2.4,3.3,2.9,4.0
2021년 2학기,IFLS012(05),ACADEMIC,ENGLISH,월(6) 수(6) ,"ACADEMIC ENGLISHⅡ(영강)중급/경영대학,자유전공학부(1학년 우선 신청) *2~4학년 미이수자&재수강자-수강신청 정정기간 중 전체학년 기간에 수강신청 가능",Paulette M. Hawkins,2.3,2.5,2.7,2.5,3.7
2021년 2학기,IFLS012(06),ACADEMIC,ENGLISH,화(1) 목(1) ,"ACADEMIC ENGLISHⅡ(영강)중급/경영대학,자유전공학부(1학년 우선 신청) *2~4학년 미이수자&재수강자-수강신청 정정기간 중 전체학년 기간에 수강신청 가능",Declan Flynn,3.8,3.3,4.0,3.4,3.7
2021년 2학기,IFLS012(07),ACADEMIC,ENGLISH,화(1) 목(1) ,"ACADEMIC ENGLISHⅡ(영강)중급/경영대학,자유전공학부(1학년 우선 신청) *2~4학년 미이수자&재수강자-수강신청 정정기간 중 전체학년 기간에 수강신청 가능",Anthony Hanf,2.7,2.4,4.2,3.3,4.7
2021년 2학기,IFLS012(08),ACADEMIC,ENGLISH,화(2) 목(2) ,"ACADEMIC ENGLISHⅡ(영강)중급/경영대학,자유전공학부(1학년 우선 신청) *2~4학년 미이수자&재수강자-수강신청 정정기간 중 전체학년 기간에 수강신청 가능",Anthony Hanf,2.5,2.2,3.8,2.8,4.7
2021년 2학기,IFLS012(09),ACADEMIC,ENGLISH,화(4) 목(4) ,"ACADEMIC ENGLISHⅡ(영강)중급/경영대학,자유전공학부(1학년 우선 신청) *2~4학년 미이수자&재수강자-수강신청 정정기간 중 전체학년 기간에 수강신청 가능",David M. Docherty,1.3,2.1,3.5,2.6,4.5
2021년 2학기,IFLS012(10),ACADEMIC,ENGLISH,화(3) 목(3) ,"ACADEMIC ENGLISHⅡ(영강)중급/경영대학,자유전공학부(1학년 우선 신청) *2~4학년 미이수자&재수강자-수강신청 정정기간 중 전체학년 기간에 수강신청 가능",Declan Flynn,3.5,3.5,4.2,3.6,4.2
2021년 2학기,IFLS012(11),ACADEMIC,ENGLISH,월(3) 수(3) ,"ACADEMIC ENGLISHⅡ(영강)중급/경영대학,자유전공학부(1학년 우선 신청) *2~4학년 미이수자&재수강자-수강신청 정정기간 중 전체학년 기간에 수강신청 가능",Declan Flynn,3.0,3.2,4.5,4.0,4.5
2021년 2학기,IFLS012(12),ACADEMIC,ENGLISH,월(4) 수(4) ,"ACADEMIC ENGLISHⅡ(영강)중급/경영대학,자유전공학부(1학년 우선 신청) *2~4학년 미이수자&재수강자-수강신청 정정기간 중 전체학년 기간에 수강신청 가능",Declan Flynn,4.3,3.3,3.7,4.0,4.7
2021년 2학기,IFLS012(13),ACADEMIC,ENGLISH,화(4) 목(4) ,"ACADEMIC ENGLISHⅡ(영강)중급/경영대학,자유전공학부(1학년 우선 신청) *2~4학년 미이수자&재수강자-수강신청 정정기간 중 전체학년 기간에 수강신청 가능",Anthony Death,3.6,3.3,3.5,2.9,3.9
2021년 2학기,IFLS012(14),ACADEMIC,ENGLISH,화(3) 목(3) ,"ACADEMIC ENGLISHⅡ(영강)중급/경영대학,자유전공학부(1학년 우선 신청) *2~4학년 미이수자&재수강자-수강신청 정정기간 중 전체학년 기간에 수강신청 가능",Anthony Death,4.0,3.9,3.4,2.4,3.3
2021년 2학기,IFLS012(15),ACADEMIC,ENGLISH,화(2) 목(2) ,"ACADEMIC ENGLISHⅡ(영강)중급/경영대학,자유전공학부(1학년 우선 신청) *2~4학년 미이수자&재수강자-수강신청 정정기간 중 전체학년 기간에 수강신청 가능",Declan Flynn,3.2,3.1,4.0,3.7,4.0
2021년 2학기,IFLS012(16),ACADEMIC,ENGLISH,월(2) 수(2) ,"ACADEMIC ENGLISHⅡ(영강)중급/경영대학,자유전공학부(1학년 우선 신청) *2~4학년 미이수자&재수강자-수강신청 정정기간 중 전체학년 기간에 수강신청 가능",Anthony Death,3.5,3.4,3.3,3.0,3.8
2021년 2학기,IFLS012(17),ACADEMIC,ENGLISH,화(4) 목(4) ,"ACADEMIC ENGLISHⅡ(영강)중급/경영대학,자유전공학부(1학년 우선 신청) *2~4학년 미이수자&재수강자-수강신청 정정기간 중 전체학년 기간에 수강신청 가능",Declan Flynn,4.0,4.0,4.0,3.7,3.7
2021년 2학기,IFLS012(18),ACADEMIC,ENGLISH,월(3) 수(3) ,"ACADEMIC ENGLISHⅡ(영강)중급/정경대학, 미디어학부, 국제학부(1학년 우선 신청) *2~4학년 미이수자&재수강자-수강신청 정정기간 중 전체학년 기간에 수강신청 가능",Glenn P. Sundeen,3.7,3.4,4.0,3.3,3.9
2021년 2학기,IFLS012(19),ACADEMIC,ENGLISH,월(4) 수(4) ,"ACADEMIC ENGLISHⅡ(영강)중급/정경대학, 미디어학부, 국제학부(1학년 우선 신청) *2~4학년 미이수자&재수강자-수강신청 정정기간 중 전체학년 기간에 수강신청 가능",Glenn P. Sundeen,3.2,3.3,3.9,3.3,4.0
2021년 2학기,IFLS012(20),ACADEMIC,ENGLISH,월(5) 수(5) ,"ACADEMIC ENGLISHⅡ(영강)중급/정경대학, 미디어학부, 국제학부(1학년 우선 신청) *2~4학년 미이수자&재수강자-수강신청 정정기간 중 전체학년 기간에 수강신청 가능",Peter S. Sylvestre,2.6,2.5,2.5,2.6,3.5
2021년 2학기,IFLS012(21),ACADEMIC,ENGLISH,월(6) 수(6) ,"ACADEMIC ENGLISHⅡ(영강)중급/정경대학, 미디어학부, 국제학부(1학년 우선 신청) *2~4학년 미이수자&재수강자-수강신청 정정기간 중 전체학년 기간에 수강신청 가능",Michael A. Mumford,3.2,2.9,3.8,3.4,4.0
2021년 2학기,IFLS012(22),ACADEMIC,ENGLISH,화(3) 목(3) ,"ACADEMIC ENGLISHⅡ(영강)중급/정경대학, 미디어학부, 국제학부(1학년 우선 신청) *2~4학년 미이수자&재수강자-수강신청 정정기간 중 전체학년 기간에 수강신청 가능",Mark Robert Eade,2.5,3.2,3.2,2.8,3.8
2021년 2학기,IFLS012(23),ACADEMIC,ENGLISH,화(4) 목(4) ,"ACADEMIC ENGLISHⅡ(영강)중급/정경대학, 미디어학부, 국제학부(1학년 우선 신청) *2~4학년 미이수자&재수강자-수강신청 정정기간 중 전체학년 기간에 수강신청 가능",Peter S. Sylvestre,3.0,2.9,3.1,3.0,4.0
2021년 2학기,IFLS012(24),ACADEMIC,ENGLISH,화(5) 목(5) ,"ACADEMIC ENGLISHⅡ(영강)중급/정경대학, 미디어학부, 국제학부(1학년 우선 신청) *2~4학년 미이수자&재수강자-수강신청 정정기간 중 전체학년 기간에 수강신청 가능",Peter S. Sylvestre,3.6,3.5,3.1,3.0,3.9
2021년 2학기,IFLS012(25),ACADEMIC,ENGLISH,화(5) 목(5) ,"ACADEMIC ENGLISHⅡ(영강)중급/정경대학, 미디어학부, 국제학부(1학년 우선 신청) *2~4학년 미이수자&재수강자-수강신청 정정기간 중 전체학년 기간에 수강신청 가능",Glenn P. Sundeen,3.4,3.4,4.2,2.8,3.8
2021년 2학기,IFLS012(26),ACADEMIC,ENGLISH,화(6) 목(6) ,"ACADEMIC ENGLISHⅡ(영강)중급/정경대학, 미디어학부, 국제학부(1학년 우선 신청) *2~4학년 미이수자&재수강자-수강신청 정정기간 중 전체학년 기간에 수강신청 가능",Dara Seamus Fox,4.0,3.4,3.8,3.2,3.5
2021년 2학기,IFLS012(27),ACADEMIC,ENGLISH,화(4) 목(4) ,"ACADEMIC ENGLISHⅡ(영강)중급/정경대학, 미디어학부, 국제학부(1학년 우선 신청) *2~4학년 미이수자&재수강자-수강신청 정정기간 중 전체학년 기간에 수강신청 가능",Dara Seamus Fox,3.7,3.1,3.8,3.1,4.0
2021년 2학기,IFLS012(28),ACADEMIC,ENGLISH,월(3) 수(3) ,"ACADEMIC ENGLISHⅡ(영강)중급/정경대학, 미디어학부, 국제학부(1학년 우선 신청) *2~4학년 미이수자&재수강자-수강신청 정정기간 중 전체학년 기간에 수강신청 가능",Mark Robert Eade,2.8,3.4,3.1,2.8,3.7
2021년 2학기,IFLS012(29),ACADEMIC,ENGLISH,월(5) 수(5) ,"ACADEMIC ENGLISHⅡ(영강)중급/정경대학, 미디어학부, 국제학부(1학년 우선 신청) *2~4학년 미이수자&재수강자-수강신청 정정기간 중 전체학년 기간에 수강신청 가능",Dara Seamus Fox,4.0,3.2,3.7,2.8,4.1
2021년 2학기,IFLS012(30),ACADEMIC,ENGLISH,월(6) 수(6) ,"ACADEMIC ENGLISHⅡ(영강)중급/정경대학, 미디어학부, 국제학부(1학년 우선 신청) *2~4학년 미이수자&재수강자-수강신청 정정기간 중 전체학년 기간에 수강신청 가능",Mark Robert Eade,2.5,2.5,3.0,3.0,3.8
2021년 2학기,IFLS012(31),ACADEMIC,ENGLISH,화(3) 목(3) ,"ACADEMIC ENGLISHⅡ(영강)중급/정경대학, 미디어학부, 국제학부(1학년 우선 신청) *2~4학년 미이수자&재수강자-수강신청 정정기간 중 전체학년 기간에 수강신청 가능",Michael A. Mumford,3.3,2.3,3.1,2.6,3.8
2021년 2학기,IFLS012(32),ACADEMIC,ENGLISH,화(4) 목(4) ,"ACADEMIC ENGLISHⅡ(영강)중급/정경대학, 미디어학부, 국제학부(1학년 우선 신청) *2~4학년 미이수자&재수강자-수강신청 정정기간 중 전체학년 기간에 수강신청 가능",Michael A. Mumford,3.4,3.6,3.6,2.5,3.5
2021년 2학기,IFLS012(33),ACADEMIC,ENGLISH,화(5) 목(5) ,"ACADEMIC ENGLISHⅡ(영강)중급/정경대학, 미디어학부, 국제학부(1학년 우선 신청) *2~4학년 미이수자&재수강자-수강신청 정정기간 중 전체학년 기간에 수강신청 가능",Mark Robert Eade,1.8,3.2,1.8,1.8,2.8
2021년 2학기,IFLS012(34),ACADEMIC,ENGLISH,화(6) 목(6) ,"ACADEMIC ENGLISHⅡ(영강)중급/정경대학, 미디어학부, 국제학부(1학년 우선 신청) *2~4학년 미이수자&재수강자-수강신청 정정기간 중 전체학년 기간에 수강신청 가능",Michael A. Mumford,3.6,3.4,3.6,2.9,3.8
2021년 2학기,IFLS012(36),ACADEMIC,ENGLISH,월(1) 수(1) ,"ACADEMIC ENGLISHⅡ(영강)중급/문과대학(국문, 노문, 독문, 불문, 서문, 영문, 일문, 중문)(1학년 우선 신청) *2~4학년 미이수자&재수강자-수강신청 정정기간 중 전체학년 기간에 수강신청 가능",Alexander Vos,3.8,3.1,4.1,3.8,3.9
2021년 2학기,IFLS012(37),ACADEMIC,ENGLISH,월(2) 수(2) ,"ACADEMIC ENGLISHⅡ(영강)중급/문과대학(국문, 노문, 독문, 불문, 서문, 영문, 일문, 중문)(1학년 우선 신청) *2~4학년 미이수자&재수강자-수강신청 정정기간 중 전체학년 기간에 수강신청 가능",Alexander Vos,3.9,3.7,4.2,3.8,4.1
2021년 2학기,IFLS012(38),ACADEMIC,ENGLISH,화(3) 목(3) ,"ACADEMIC ENGLISHⅡ(영강)중급/문과대학(국문, 노문, 독문, 불문, 서문, 영문, 일문, 중문)(1학년 우선 신청) *2~4학년 미이수자&재수강자-수강신청 정정기간 중 전체학년 기간에 수강신청 가능",Alexander Vos,3.1,3.4,4.7,3.3,3.7
2021년 2학기,IFLS012(39),ACADEMIC,ENGLISH,월(4) 수(4) ,"ACADEMIC ENGLISHⅡ(영강)중급/문과대학(국문, 노문, 독문, 불문, 서문, 영문, 일문, 중문)(1학년 우선 신청) *2~4학년 미이수자&재수강자-수강신청 정정기간 중 전체학년 기간에 수강신청 가능",Kirstie Bromenshenk,2.3,2.4,3.7,3.1,4.2
2021년 2학기,IFLS012(40),ACADEMIC,ENGLISH,화(1) 목(1) ,"ACADEMIC ENGLISHⅡ(영강)중급/문과대학(국문, 노문, 독문, 불문, 서문, 영문, 일문, 중문)(1학년 우선 신청) *2~4학년 미이수자&재수강자-수강신청 정정기간 중 전체학년 기간에 수강신청 가능",Kirstie Bromenshenk,2.7,2.5,3.6,3.2,4.5
2021년 2학기,IFLS012(41),ACADEMIC,ENGLISH,화(1) 목(1) ,"ACADEMIC ENGLISHⅡ(영강)중급/문과대학(국문, 노문, 독문, 불문, 서문, 영문, 일문, 중문)(1학년 우선 신청) *2~4학년 미이수자&재수강자-수강신청 정정기간 중 전체학년 기간에 수강신청 가능",Alexander Vos,3.8,3.5,4.3,3.8,4.0
2021년 2학기,IFLS012(42),ACADEMIC,ENGLISH,화(2) 목(2) ,"ACADEMIC ENGLISHⅡ(영강)중급/문과대학(국문, 노문, 독문, 불문, 서문, 영문, 일문, 중문)(1학년 우선 신청) *2~4학년 미이수자&재수강자-수강신청 정정기간 중 전체학년 기간에 수강신청 가능",Kirstie Bromenshenk,2.1,2.5,3.7,3.1,4.1
2021년 2학기,IFLS012(43),ACADEMIC,ENGLISH,화(5) 목(5) ,"ACADEMIC ENGLISHⅡ(영강)중급/문과대학(국문, 노문, 독문, 불문, 서문, 영문, 일문, 중문)(1학년 우선 신청) *2~4학년 미이수자&재수강자-수강신청 정정기간 중 전체학년 기간에 수강신청 가능",Manuel Lara,3.8,2.8,3.4,3.1,3.9
2021년 2학기,IFLS012(44),ACADEMIC,ENGLISH,화(6) 목(6) ,"ACADEMIC ENGLISHⅡ(영강)중급/문과대학(국문, 노문, 독문, 불문, 서문, 영문, 일문, 중문)(1학년 우선 신청) *2~4학년 미이수자&재수강자-수강신청 정정기간 중 전체학년 기간에 수강신청 가능",Manuel Lara,3.3,3.0,3.9,3.6,4.3
2021년 2학기,IFLS012(45),ACADEMIC,ENGLISH,월(2) 수(2) ,"ACADEMIC ENGLISHⅡ(영강)중급/문과대학(국문, 노문, 독문, 불문, 서문, 영문, 일문, 중문)(1학년 우선 신청) *2~4학년 미이수자&재수강자-수강신청 정정기간 중 전체학년 기간에 수강신청 가능",Kirstie Bromenshenk,2.0,2.3,3.6,3.1,4.3
2021년 2학기,IFLS012(46),ACADEMIC,ENGLISH,화(1) 목(1) ,"ACADEMIC ENGLISHⅡ(영강)중급/문과대학(국문, 노문, 독문, 불문, 서문, 영문, 일문, 중문)(1학년 우선 신청) *2~4학년 미이수자&재수강자-수강신청 정정기간 중 전체학년 기간에 수강신청 가능",Thomas Walsh,3.3,2.7,3.8,2.8,3.9
2021년 2학기,IFLS012(47),ACADEMIC,ENGLISH,화(4) 목(4) ,"ACADEMIC ENGLISHⅡ(영강)중급/문과대학(국문, 노문, 독문, 불문, 서문, 영문, 일문, 중문)(1학년 우선 신청) *2~4학년 미이수자&재수강자-수강신청 정정기간 중 전체학년 기간에 수강신청 가능",Kirstie Bromenshenk,2.4,2.7,3.7,2.5,4.0
2021년 2학기,IFLS012(48),ACADEMIC,ENGLISH,화(2) 목(2) ,"ACADEMIC ENGLISHⅡ(영강)중급/문과대학(국문, 노문, 독문, 불문, 서문, 영문, 일문, 중문)(1학년 우선 신청) *2~4학년 미이수자&재수강자-수강신청 정정기간 중 전체학년 기간에 수강신청 가능",Thomas Walsh,3.8,3.3,4.1,3.4,4.3
2021년 2학기,IFLS012(49),ACADEMIC,ENGLISH,화(4) 목(4) ,"ACADEMIC ENGLISHⅡ(영강)중급/문과대학(국문, 노문, 독문, 불문, 서문, 영문, 일문, 중문)(1학년 우선 신청) *2~4학년 미이수자&재수강자-수강신청 정정기간 중 전체학년 기간에 수강신청 가능",Thomas Walsh,3.4,2.7,4.0,3.4,4.0
2021년 2학기,IFLS012(50),ACADEMIC,ENGLISH,월(3) 수(3) ,"ACADEMIC ENGLISHⅡ(영강)중급/문과대학(국문, 노문, 독문, 불문, 서문, 영문, 일문, 중문)(1학년 우선 신청) *2~4학년 미이수자&재수강자-수강신청 정정기간 중 전체학년 기간에 수강신청 가능",Thomas Walsh,3.7,2.9,4.1,3.4,4.0
2021년 2학기,IFLS012(51),ACADEMIC,ENGLISH,화(3) 목(3) ,"ACADEMIC ENGLISHⅡ(영강)중급/문과대학(국문, 노문, 독문, 불문, 서문, 영문, 일문, 중문)(1학년 우선 신청) *2~4학년 미이수자&재수강자-수강신청 정정기간 중 전체학년 기간에 수강신청 가능",Kirstie Bromenshenk,2.4,3.2,3.7,2.9,4.4
2021년 2학기,IFLS012(53),ACADEMIC,ENGLISH,월(2) 수(2) ,"ACADEMIC ENGLISHⅡ(영강)중급/심리학부/문과대학(사학, 사회학, 심리, 언어, 철학, 한국사학, 한문학) (1학년 우선 신청) *2~4학년 미이수자 및 재수강자-수강신청 정정기간 중 전체 학년 기간에 수",Peter L. Sinclair,4.0,3.4,3.9,3.3,3.8
2021년 2학기,IFLS012(54),ACADEMIC,ENGLISH,월(4) 수(4) ,"ACADEMIC ENGLISHⅡ(영강)중급/심리학부/문과대학(사학, 사회학, 심리, 언어, 철학, 한국사학, 한문학) (1학년 우선 신청) *2~4학년 미이수자 및 재수강자-수강신청 정정기간 중 전체 학년 기간에 수",Peter L. Sinclair,3.6,3.4,4.0,3.4,3.8
2021년 2학기,IFLS012(55),ACADEMIC,ENGLISH,월(5) 수(5) ,"ACADEMIC ENGLISHⅡ(영강)중급/심리학부/문과대학(사학, 사회학, 심리, 언어, 철학, 한국사학, 한문학) (1학년 우선 신청) *2~4학년 미이수자 및 재수강자-수강신청 정정기간 중 전체 학년 기간에 수",Russell Mason,4.4,3.4,4.6,3.9,4.1
2021년 2학기,IFLS012(56),ACADEMIC,ENGLISH,월(2) 수(2) ,"ACADEMIC ENGLISHⅡ(영강)중급/심리학부/문과대학(사학, 사회학, 심리, 언어, 철학, 한국사학, 한문학) (1학년 우선 신청) *2~4학년 미이수자 및 재수강자-수강신청 정정기간 중 전체 학년 기간에 수",Darius Goodwin,3.9,3.0,4.5,3.9,4.4
2021년 2학기,IFLS012(57),ACADEMIC,ENGLISH,월(3) 수(3) ,"ACADEMIC ENGLISHⅡ(영강)중급/심리학부/문과대학(사학, 사회학, 심리, 언어, 철학, 한국사학, 한문학) (1학년 우선 신청) *2~4학년 미이수자 및 재수강자-수강신청 정정기간 중 전체 학년 기간에 수",Darius Goodwin,3.8,2.5,4.7,3.3,4.7
2021년 2학기,IFLS012(58),ACADEMIC,ENGLISH,화(1) 목(1) ,"ACADEMIC ENGLISHⅡ(영강)중급/심리학부/문과대학(사학, 사회학, 심리, 언어, 철학, 한국사학, 한문학) (1학년 우선 신청) *2~4학년 미이수자 및 재수강자-수강신청 정정기간 중 전체 학년 기간에 수",Darius Goodwin,3.9,3.3,4.2,3.5,4.1
2021년 2학기,IFLS012(59),ACADEMIC,ENGLISH,화(2) 목(2) ,"ACADEMIC ENGLISHⅡ(영강)중급/심리학부/문과대학(사학, 사회학, 심리, 언어, 철학, 한국사학, 한문학) (1학년 우선 신청) *2~4학년 미이수자 및 재수강자-수강신청 정정기간 중 전체 학년 기간에 수",Cheryl Faye Magnant,3.4,3.4,4.0,3.1,3.7
2021년 2학기,IFLS012(60),ACADEMIC,ENGLISH,화(3) 목(3) ,"ACADEMIC ENGLISHⅡ(영강)중급/심리학부/문과대학(사학, 사회학, 심리, 언어, 철학, 한국사학, 한문학) (1학년 우선 신청) *2~4학년 미이수자 및 재수강자-수강신청 정정기간 중 전체 학년 기간에 수",Cheryl Faye Magnant,3.5,3.3,4.1,3.2,3.8
2021년 2학기,IFLS012(61),ACADEMIC,ENGLISH,화(4) 목(4) ,"ACADEMIC ENGLISHⅡ(영강)중급/심리학부/문과대학(사학, 사회학, 심리, 언어, 철학, 한국사학, 한문학) (1학년 우선 신청) *2~4학년 미이수자 및 재수강자-수강신청 정정기간 중 전체 학년 기간에 수",Peter L. Sinclair,3.9,3.8,4.4,3.6,4.0
2021년 2학기,IFLS012(62),ACADEMIC,ENGLISH,화(5) 목(5) ,"ACADEMIC ENGLISHⅡ(영강)중급/심리학부/문과대학(사학, 사회학, 심리, 언어, 철학, 한국사학, 한문학) (1학년 우선 신청) *2~4학년 미이수자 및 재수강자-수강신청 정정기간 중 전체 학년 기간에 수",Russell Mason,4.4,4.0,4.1,4.2,4.2
2021년 2학기,IFLS012(63),ACADEMIC,ENGLISH,월(1) 수(1) ,"ACADEMIC ENGLISHⅡ(영강)중급/공과대학, 정보보호학부, 스마트보안학부 (1학년 우선 신청) *2~4학년 미이수자 및 재수강자-수강신청 정정기간 중 전체 학년 기간에 수강신청 가능",월쉬널래그첸드라베단,2.8,2.7,3.5,2.7,4.2
2021년 2학기,IFLS012(64),ACADEMIC,ENGLISH,월(2) 수(2) ,"ACADEMIC ENGLISHⅡ(영강)중급/공과대학, 정보보호학부, 스마트보안학부 (1학년 우선 신청) *2~4학년 미이수자 및 재수강자-수강신청 정정기간 중 전체 학년 기간에 수강신청 가능",월쉬널래그첸드라베단,2.6,2.3,4.3,3.2,4.4
2021년 2학기,IFLS012(65),ACADEMIC,ENGLISH,월(3) 수(3) ,"ACADEMIC ENGLISHⅡ(영강)중급/공과대학, 정보보호학부, 스마트보안학부 (1학년 우선 신청) *2~4학년 미이수자 및 재수강자-수강신청 정정기간 중 전체 학년 기간에 수강신청 가능",Hudson Lim,2.9,2.4,4.5,3.9,4.7
2021년 2학기,IFLS012(66),ACADEMIC,ENGLISH,월(4) 수(4) ,"ACADEMIC ENGLISHⅡ(영강)중급/공과대학, 정보보호학부, 스마트보안학부 (1학년 우선 신청) *2~4학년 미이수자 및 재수강자-수강신청 정정기간 중 전체 학년 기간에 수강신청 가능",Hudson Lim,2.3,1.9,5.0,4.2,4.8
2021년 2학기,IFLS012(68),ACADEMIC,ENGLISH,월(6) 수(6) ,"ACADEMIC ENGLISHⅡ(영강)중급/공과대학, 정보보호학부, 스마트보안학부 (1학년 우선 신청) *2~4학년 미이수자 및 재수강자-수강신청 정정기간 중 전체 학년 기간에 수강신청 가능",THOMAS COURCHAINE,3.7,2.9,3.2,3.0,3.9
2021년 2학기,IFLS012(69),ACADEMIC,ENGLISH,월(3) 수(3) ,"ACADEMIC ENGLISHⅡ(영강)중급/공과대학, 정보보호학부, 스마트보안학부 (1학년 우선 신청) *2~4학년 미이수자 및 재수강자-수강신청 정정기간 중 전체 학년 기간에 수강신청 가능",월쉬널래그첸드라베단,2.3,2.7,3.3,2.6,4.7
2021년 2학기,IFLS012(70),ACADEMIC,ENGLISH,화(1) 목(1) ,"ACADEMIC ENGLISHⅡ(영강)중급/공과대학, 정보보호학부, 스마트보안학부 (1학년 우선 신청) *2~4학년 미이수자 및 재수강자-수강신청 정정기간 중 전체 학년 기간에 수강신청 가능",Hudson Lim,2.4,2.0,4.6,4.4,4.8
2021년 2학기,IFLS012(71),ACADEMIC,ENGLISH,화(2) 목(2) ,"ACADEMIC ENGLISHⅡ(영강)중급/공과대학, 정보보호학부, 스마트보안학부 (1학년 우선 신청) *2~4학년 미이수자 및 재수강자-수강신청 정정기간 중 전체 학년 기간에 수강신청 가능",Hudson Lim,2.4,2.2,4.7,3.5,4.5
2021년 2학기,IFLS012(72),ACADEMIC,ENGLISH,화(3) 목(3) ,"ACADEMIC ENGLISHⅡ(영강)중급/공과대학, 정보보호학부, 스마트보안학부 (1학년 우선 신청) *2~4학년 미이수자 및 재수강자-수강신청 정정기간 중 전체 학년 기간에 수강신청 가능",Hudson Lim,2.6,2.3,4.7,3.6,4.6
2021년 2학기,IFLS012(73),ACADEMIC,ENGLISH,화(5) 목(5) ,"ACADEMIC ENGLISHⅡ(영강)중급/공과대학, 정보보호학부, 스마트보안학부 (1학년 우선 신청) *2~4학년 미이수자 및 재수강자-수강신청 정정기간 중 전체 학년 기간에 수강신청 가능",William du Plessis,3.7,3.4,4.1,3.3,4.0
2021년 2학기,IFLS012(74),ACADEMIC,ENGLISH,화(6) 목(6) ,"ACADEMIC ENGLISHⅡ(영강)중급/공과대학, 정보보호학부, 스마트보안학부 (1학년 우선 신청) *2~4학년 미이수자 및 재수강자-수강신청 정정기간 중 전체 학년 기간에 수강신청 가능",THOMAS COURCHAINE,3.0,2.5,3.0,3.0,4.0
2021년 2학기,IFLS012(76),ACADEMIC,ENGLISH,월(1) 수(1) ,"ACADEMIC ENGLISHⅡ(영강)중급/공과대학, 정보보호학부, 스마트보안학부 (1학년 우선 신청) *2~4학년 미이수자 및 재수강자-수강신청 정정기간 중 전체 학년 기간에 수강신청 가능",William du Plessis,3.0,2.9,3.4,3.6,3.7
2021년 2학기,IFLS012(77),ACADEMIC,ENGLISH,화(4) 목(4) ,"ACADEMIC ENGLISHⅡ(영강)중급/공과대학, 정보보호학부, 스마트보안학부 (1학년 우선 신청) *2~4학년 미이수자 및 재수강자-수강신청 정정기간 중 전체 학년 기간에 수강신청 가능",Hudson Lim,2.2,2.0,4.8,4.2,4.9
2021년 2학기,IFLS012(78),ACADEMIC,ENGLISH,월(3) 수(3) ,"ACADEMIC ENGLISHⅡ(영강)중급/공과대학, 정보보호학부, 스마트보안학부 (1학년 우선 신청) *2~4학년 미이수자 및 재수강자-수강신청 정정기간 중 전체 학년 기간에 수강신청 가능",William du Plessis,3.4,3.0,3.8,3.4,4.6
2021년 2학기,IFLS012(80),ACADEMIC,ENGLISH,화(1) 목(1) ,"ACADEMIC ENGLISHⅡ(영강)중급/공과대학, 정보보호학부, 스마트보안학부 (1학년 우선 신청) *2~4학년 미이수자 및 재수강자-수강신청 정정기간 중 전체 학년 기간에 수강신청 가능",Youn-Soo Chang,2.9,2.6,4.4,3.6,4.6
2021년 2학기,IFLS012(81),ACADEMIC,ENGLISH,화(2) 목(2) ,"ACADEMIC ENGLISHⅡ(영강)중급/공과대학, 정보보호학부, 스마트보안학부 (1학년 우선 신청) *2~4학년 미이수자 및 재수강자-수강신청 정정기간 중 전체 학년 기간에 수강신청 가능",Youn-Soo Chang,3.4,2.7,4.1,3.3,4.3
2021년 2학기,IFLS012(82),ACADEMIC,ENGLISH,화(3) 목(3) ,"ACADEMIC ENGLISHⅡ(영강)중급/공과대학, 정보보호학부, 스마트보안학부 (1학년 우선 신청) *2~4학년 미이수자 및 재수강자-수강신청 정정기간 중 전체 학년 기간에 수강신청 가능",Youn-Soo Chang,3.6,2.5,4.3,3.6,4.4
2021년 2학기,IFLS012(83),ACADEMIC,ENGLISH,화(2) 목(2) ,"ACADEMIC ENGLISHⅡ(영강)중급/공과대학, 정보보호학부, 스마트보안학부 (1학년 우선 신청) *2~4학년 미이수자 및 재수강자-수강신청 정정기간 중 전체 학년 기간에 수강신청 가능",William du Plessis,4.0,3.0,4.5,3.8,4.5
2021년 2학기,IFLS012(84),ACADEMIC,ENGLISH,화(2) 목(2) ,"ACADEMIC ENGLISHⅡ(영강)중급/공과대학, 정보보호학부, 스마트보안학부 (1학년 우선 신청) *2~4학년 미이수자 및 재수강자-수강신청 정정기간 중 전체 학년 기간에 수강신청 가능",월쉬널래그첸드라베단,1.5,1.8,3.5,2.8,4.2
2021년 2학기,IFLS012(85),ACADEMIC,ENGLISH,화(4) 목(4) ,"ACADEMIC ENGLISHⅡ(영강)중급/공과대학, 정보보호학부, 스마트보안학부 (1학년 우선 신청) *2~4학년 미이수자 및 재수강자-수강신청 정정기간 중 전체 학년 기간에 수강신청 가능",월쉬널래그첸드라베단,2.4,2.7,4.2,2.6,4.6
2021년 2학기,IFLS012(86),ACADEMIC,ENGLISH,월(4) 수(4) ,"ACADEMIC ENGLISHⅡ(영강)중급/공과대학, 정보보호학부, 스마트보안학부 (1학년 우선 신청) *2~4학년 미이수자 및 재수강자-수강신청 정정기간 중 전체 학년 기간에 수강신청 가능",Youn-Soo Chang,4.4,3.2,4.0,2.6,3.6
2021년 2학기,IFLS012(87),ACADEMIC,ENGLISH,월(1) 수(1) ,"ACADEMIC ENGLISHⅡ(영강)중급/공과대학, 정보보호학부, 스마트보안학부 (1학년 우선 신청) *2~4학년 미이수자 및 재수강자-수강신청 정정기간 중 전체 학년 기간에 수강신청 가능",Youn-Soo Chang,3.2,2.7,3.6,3.2,4.2
2021년 2학기,IFLS012(88),ACADEMIC,ENGLISH,월(1) 수(1) ,"ACADEMIC ENGLISHⅡ(영강)중급/생명과학대학, 의과대학, 이과대학(1학년 우선 신청) *2~4학년 미이수자&재수강자-수강신청 정정기간 중 전체학년 기간에 수강신청 가능",Gil Michael Ian Coombe,4.4,3.8,4.7,4.0,4.0
2021년 2학기,IFLS012(89),ACADEMIC,ENGLISH,월(2) 수(2) ,"ACADEMIC ENGLISHⅡ(영강)중급/생명과학대학, 의과대학, 이과대학(1학년 우선 신청) *2~4학년 미이수자&재수강자-수강신청 정정기간 중 전체학년 기간에 수강신청 가능",Gil Michael Ian Coombe,4.3,3.9,4.3,3.9,3.9
2021년 2학기,IFLS012(90),ACADEMIC,ENGLISH,월(3) 수(3) ,"ACADEMIC ENGLISHⅡ(영강)중급/생명과학대학, 의과대학, 이과대학(1학년 우선 신청) *2~4학년 미이수자&재수강자-수강신청 정정기간 중 전체학년 기간에 수강신청 가능",Gil Michael Ian Coombe,4.6,3.8,4.7,4.2,4.1
2021년 2학기,IFLS012(91),ACADEMIC,ENGLISH,월(5) 수(5) ,"ACADEMIC ENGLISHⅡ(영강)중급/생명과학대학, 의과대학, 이과대학(1학년 우선 신청) *2~4학년 미이수자&재수강자-수강신청 정정기간 중 전체학년 기간에 수강신청 가능",David W. Wellbaum,2.7,2.9,4.4,3.3,4.3
2021년 2학기,IFLS012(92),ACADEMIC,ENGLISH,월(6) 수(6) ,"ACADEMIC ENGLISHⅡ(영강)중급/생명과학대학, 의과대학, 이과대학(1학년 우선 신청) *2~4학년 미이수자&재수강자-수강신청 정정기간 중 전체학년 기간에 수강신청 가능",David W. Wellbaum,3.2,3.2,4.2,3.2,3.8
2021년 2학기,IFLS012(93),ACADEMIC,ENGLISH,화(3) 목(3) ,"ACADEMIC ENGLISHⅡ(영강)중급/생명과학대학, 의과대학, 이과대학(1학년 우선 신청) *2~4학년 미이수자&재수강자-수강신청 정정기간 중 전체학년 기간에 수강신청 가능",David W. Wellbaum,3.3,3.3,3.7,3.0,3.3
2021년 2학기,IFLS012(94),ACADEMIC,ENGLISH,화(3) 목(3) ,"ACADEMIC ENGLISHⅡ(영강)중급/생명과학대학, 의과대학, 이과대학(1학년 우선 신청) *2~4학년 미이수자&재수강자-수강신청 정정기간 중 전체학년 기간에 수강신청 가능",Gil Michael Ian Coombe,4.2,3.5,4.8,4.2,4.2
2021년 2학기,IFLS012(95),ACADEMIC,ENGLISH,화(5) 목(5) ,"ACADEMIC ENGLISHⅡ(영강)중급/생명과학대학, 의과대학, 이과대학(1학년 우선 신청) *2~4학년 미이수자&재수강자-수강신청 정정기간 중 전체학년 기간에 수강신청 가능",David W. Wellbaum,3.1,2.8,4.0,3.4,3.9
2021년 2학기,IFLS012(96),ACADEMIC,ENGLISH,월(4) 수(4) ,"ACADEMIC ENGLISHⅡ(영강)중급/생명과학대학, 의과대학, 이과대학(1학년 우선 신청) *2~4학년 미이수자&재수강자-수강신청 정정기간 중 전체학년 기간에 수강신청 가능",David W. Wellbaum,3.1,3.5,4.3,3.4,3.9
2021년 2학기,IFLS012(98),ACADEMIC,ENGLISH,화(6) 목(6) ,"ACADEMIC ENGLISHⅡ(영강)중급/생명과학대학, 의과대학, 이과대학(1학년 우선 신청) *2~4학년 미이수자&재수강자-수강신청 정정기간 중 전체학년 기간에 수강신청 가능",Stephen George Bew,2.4,2.5,3.8,3.1,4.1
2021년 2학기,IFLS012(99),ACADEMIC,ENGLISH,화(5) 목(5) ,"ACADEMIC ENGLISHⅡ(영강)중급/생명과학대학, 의과대학, 이과대학(1학년 우선 신청) *2~4학년 미이수자&재수강자-수강신청 정정기간 중 전체학년 기간에 수강신청 가능",Stephen George Bew,2.2,2.2,3.9,3.3,4.6
2021년 2학기,IFLS012(A2),ACADEMIC,ENGLISH,월(5) 수(5) ,"ACADEMIC ENGLISHⅡ(영강)중급/생명과학대학, 의과대학, 이과대학(1학년 우선 신청) *2~4학년 미이수자&재수강자-수강신청 정정기간 중 전체학년 기간에 수강신청 가능",Stephen George Bew,3.0,2.0,4.0,2.6,4.3
2021년 2학기,IFLS012(A3),ACADEMIC,ENGLISH,월(6) 수(6) ,"ACADEMIC ENGLISHⅡ(영강)중급/생명과학대학, 의과대학, 이과대학(1학년 우선 신청) *2~4학년 미이수자&재수강자-수강신청 정정기간 중 전체학년 기간에 수강신청 가능",Stephen George Bew,2.5,3.0,3.3,2.5,4.5
2021년 2학기,IFLS012(A4),ACADEMIC,ENGLISH,월(3) 수(3) ,"ACADEMIC ENGLISHⅡ(영강)중급/생명과학대학, 의과대학, 이과대학(1학년 우선 신청) *2~4학년 미이수자&재수강자-수강신청 정정기간 중 전체학년 기간에 수강신청 가능",Joyce Sun Hyong Paek,3.7,3.3,4.8,4.2,4.4
2021년 2학기,IFLS012(A5),ACADEMIC,ENGLISH,화(1) 목(1) ,"ACADEMIC ENGLISHⅡ(영강)중급/생명과학대학, 의과대학, 이과대학(1학년 우선 신청) *2~4학년 미이수자&재수강자-수강신청 정정기간 중 전체학년 기간에 수강신청 가능",Benjamin Fallon,4.0,3.1,3.1,3.1,3.4
2021년 2학기,IFLS012(A6),ACADEMIC,ENGLISH,화(2) 목(2) ,"ACADEMIC ENGLISHⅡ(영강)중급/생명과학대학, 의과대학, 이과대학(1학년 우선 신청) *2~4학년 미이수자&재수강자-수강신청 정정기간 중 전체학년 기간에 수강신청 가능",Benjamin Fallon,3.3,2.8,3.3,3.3,4.3
2021년 2학기,IFLS012(A7),ACADEMIC,ENGLISH,화(3) 목(3) ,"ACADEMIC ENGLISHⅡ(영강)중급/생명과학대학, 의과대학, 이과대학(1학년 우선 신청) *2~4학년 미이수자&재수강자-수강신청 정정기간 중 전체학년 기간에 수강신청 가능",Benjamin Fallon,3.0,2.8,4.0,3.0,4.2
2021년 2학기,IFLS012(A9),ACADEMIC,ENGLISH,월(2) 수(2) ,"ACADEMIC ENGLISHⅡ(영강)중급/생명과학대학, 의과대학, 이과대학(1학년 우선 신청) *2~4학년 미이수자&재수강자-수강신청 정정기간 중 전체학년 기간에 수강신청 가능",Benjamin Fallon,2.4,2.3,3.8,3.1,4.7
2021년 2학기,IFLS012(B1),ACADEMIC,ENGLISH,월(3) 수(3) ,"ACADEMIC ENGLISHⅡ(영강)중급/생명과학대학, 의과대학, 이과대학(1학년 우선 신청) *2~4학년 미이수자&재수강자-수강신청 정정기간 중 전체학년 기간에 수강신청 가능",Benjamin Fallon,3.8,3.4,3.8,2.8,3.6
2021년 2학기,IFLS012(B2),ACADEMIC,ENGLISH,월(2) 수(2) ,"ACADEMIC ENGLISHⅡ(영강)중급/간호대학, 보건과학대학(1학년 우선 신청) *2~4학년 미이수자&재수강자-수강신청 정정기간 중 전체학년 기간에 수강신청 가능",William du Plessis,3.3,2.7,4.0,4.0,4.3
2021년 2학기,IFLS012(B3),ACADEMIC,ENGLISH,월(3) 수(3) ,"ACADEMIC ENGLISHⅡ(영강)중급/간호대학, 보건과학대학(1학년 우선 신청) *2~4학년 미이수자&재수강자-수강신청 정정기간 중 전체학년 기간에 수강신청 가능",Michael D. Blackwood,2.5,2.5,3.6,3.1,3.6
2021년 2학기,IFLS012(B4),ACADEMIC,ENGLISH,월(5) 수(5) ,"ACADEMIC ENGLISHⅡ(영강)중급/간호대학, 보건과학대학(1학년 우선 신청) *2~4학년 미이수자&재수강자-수강신청 정정기간 중 전체학년 기간에 수강신청 가능",Manuel Lara,3.8,2.7,3.5,3.3,3.5
2021년 2학기,IFLS012(B6),ACADEMIC,ENGLISH,월(3) 수(3) ,"ACADEMIC ENGLISHⅡ(영강)중급/간호대학, 보건과학대학(1학년 우선 신청) *2~4학년 미이수자&재수강자-수강신청 정정기간 중 전체학년 기간에 수강신청 가능",Manuel Lara,4.3,3.0,3.1,3.1,3.8
2021년 2학기,IFLS012(B7),ACADEMIC,ENGLISH,화(1) 목(1) ,"ACADEMIC ENGLISHⅡ(영강)중급/간호대학, 보건과학대학(1학년 우선 신청) *2~4학년 미이수자&재수강자-수강신청 정정기간 중 전체학년 기간에 수강신청 가능",William du Plessis,2.1,2.6,4.1,3.2,4.3
2021년 2학기,IFLS012(B8),ACADEMIC,ENGLISH,화(3) 목(3) ,"ACADEMIC ENGLISHⅡ(영강)중급/간호대학, 보건과학대학(1학년 우선 신청) *2~4학년 미이수자&재수강자-수강신청 정정기간 중 전체학년 기간에 수강신청 가능",Manuel Lara,4.0,3.4,3.9,3.1,4.1
2021년 2학기,IFLS012(B9),ACADEMIC,ENGLISH,화(4) 목(4) ,"ACADEMIC ENGLISHⅡ(영강)중급/간호대학, 보건과학대학(1학년 우선 신청) *2~4학년 미이수자&재수강자-수강신청 정정기간 중 전체학년 기간에 수강신청 가능",David M. Duke,2.6,2.5,4.3,3.9,4.5
2021년 2학기,IFLS012(C1),ACADEMIC,ENGLISH,화(5) 목(5) ,"ACADEMIC ENGLISHⅡ(영강)중급/간호대학, 보건과학대학(1학년 우선 신청) *2~4학년 미이수자&재수강자-수강신청 정정기간 중 전체학년 기간에 수강신청 가능",David M. Duke,1.9,2.2,3.9,3.0,4.5
2021년 2학기,IFLS012(C2),ACADEMIC,ENGLISH,화(6) 목(6) ,"ACADEMIC ENGLISHⅡ(영강)중급/간호대학, 보건과학대학(1학년 우선 신청) *2~4학년 미이수자&재수강자-수강신청 정정기간 중 전체학년 기간에 수강신청 가능",Michael D. Blackwood,2.5,2.3,3.5,2.8,4.4
2021년 2학기,IFLS012(C3),ACADEMIC,ENGLISH,월(5) 수(5) ,"ACADEMIC ENGLISHⅡ(영강)중급/간호대학, 보건과학대학(1학년 우선 신청) *2~4학년 미이수자&재수강자-수강신청 정정기간 중 전체학년 기간에 수강신청 가능",David M. Duke,2.1,2.4,3.4,2.9,3.7
2021년 2학기,IFLS012(C4),ACADEMIC,ENGLISH,월(6) 수(6) ,"ACADEMIC ENGLISHⅡ(영강)중급/간호대학, 보건과학대학(1학년 우선 신청) *2~4학년 미이수자&재수강자-수강신청 정정기간 중 전체학년 기간에 수강신청 가능",David M. Duke,2.3,2.0,3.9,3.3,4.5
2021년 2학기,IFLS012(C5),ACADEMIC,ENGLISH,화(3) 목(3) ,"ACADEMIC ENGLISHⅡ(영강)중급/사범대학, 디자인조형학부(1학년 우선 신청) *2~4학년 미이수자&재수강자-수강신청 정정기간 중 전체학년 기간에 수강신청 가능",Rockwell H. Stewart,3.4,2.5,3.6,2.9,4.0
2021년 2학기,IFLS012(C6),ACADEMIC,ENGLISH,월(3) 수(3) ,"ACADEMIC ENGLISHⅡ(영강)중급/사범대학, 디자인조형학부(1학년 우선 신청) *2~4학년 미이수자&재수강자-수강신청 정정기간 중 전체학년 기간에 수강신청 가능",Rockwell H. Stewart,4.6,3.3,3.1,2.4,3.3
2021년 2학기,IFLS012(C8),ACADEMIC,ENGLISH,월(5) 수(5) ,"ACADEMIC ENGLISHⅡ(영강)중급/사범대학, 디자인조형학부(1학년 우선 신청) *2~4학년 미이수자&재수강자-수강신청 정정기간 중 전체학년 기간에 수강신청 가능",잼버졸탄폴,2.1,2.6,3.8,2.9,4.1
2021년 2학기,IFLS012(C9),ACADEMIC,ENGLISH,월(6) 수(6) ,"ACADEMIC ENGLISHⅡ(영강)중급/사범대학, 디자인조형학부(1학년 우선 신청) *2~4학년 미이수자&재수강자-수강신청 정정기간 중 전체학년 기간에 수강신청 가능",Russell Mason,4.3,3.4,4.5,3.6,4.2
2021년 2학기,IFLS012(D1),ACADEMIC,ENGLISH,화(2) 목(2) ,"ACADEMIC ENGLISHⅡ(영강)중급/사범대학, 디자인조형학부(1학년 우선 신청) *2~4학년 미이수자&재수강자-수강신청 정정기간 중 전체학년 기간에 수강신청 가능",Karl M. Johnson,2.4,2.4,2.8,2.7,3.7
2021년 2학기,IFLS012(D2),ACADEMIC,ENGLISH,화(3) 목(3) ,"ACADEMIC ENGLISHⅡ(영강)중급/사범대학, 디자인조형학부(1학년 우선 신청) *2~4학년 미이수자&재수강자-수강신청 정정기간 중 전체학년 기간에 수강신청 가능",Karl M. Johnson,3.3,3.0,3.8,2.9,4.0
2021년 2학기,IFLS012(D3),ACADEMIC,ENGLISH,화(4) 목(4) ,"ACADEMIC ENGLISHⅡ(영강)중급/사범대학, 디자인조형학부(1학년 우선 신청) *2~4학년 미이수자&재수강자-수강신청 정정기간 중 전체학년 기간에 수강신청 가능",잼버졸탄폴,1.3,2.3,3.0,2.4,3.8
2021년 2학기,IFLS012(D4),ACADEMIC,ENGLISH,화(5) 목(5) ,"ACADEMIC ENGLISHⅡ(영강)중급/사범대학, 디자인조형학부(1학년 우선 신청) *2~4학년 미이수자&재수강자-수강신청 정정기간 중 전체학년 기간에 수강신청 가능",잼버졸탄폴,2.1,2.7,3.8,3.2,4.2
2021년 2학기,IFLS012(D5),ACADEMIC,ENGLISH,월(3) 수(3) ,"ACADEMIC ENGLISHⅡ(영강)중급/사범대학, 디자인조형학부(1학년 우선 신청) *2~4학년 미이수자&재수강자-수강신청 정정기간 중 전체학년 기간에 수강신청 가능",Russell Mason,4.0,3.8,3.9,3.8,3.7
2021년 2학기,IFLS012(D6),ACADEMIC,ENGLISH,화(1) 목(1) ,"ACADEMIC ENGLISHⅡ(영강)중급/사범대학, 디자인조형학부(1학년 우선 신청) *2~4학년 미이수자&재수강자-수강신청 정정기간 중 전체학년 기간에 수강신청 가능",Rockwell H. Stewart,4.1,3.1,3.7,3.0,3.8
2021년 2학기,IFLS012(D7),ACADEMIC,ENGLISH,화(2) 목(2) ,"ACADEMIC ENGLISHⅡ(영강)중급/정보대학-컴퓨터학과, 데이터과학과(1학년 우선 신청) *2~4학년 미이수자&재수강자-수강신청 정정기간 중 전체학년 기간에 수강신청 가능",Zoe Ksan Rubadeau,3.9,3.3,4.2,3.4,3.4
2021년 2학기,IFLS012(D8),ACADEMIC,ENGLISH,화(3) 목(3) ,"ACADEMIC ENGLISHⅡ(영강)중급/정보대학-컴퓨터학과, 데이터과학과(1학년 우선 신청) *2~4학년 미이수자&재수강자-수강신청 정정기간 중 전체학년 기간에 수강신청 가능",Zoe Ksan Rubadeau,3.5,3.1,4.5,3.5,4.2
2021년 2학기,IFLS012(D9),ACADEMIC,ENGLISH,화(5) 목(5) ,"ACADEMIC ENGLISHⅡ(영강)중급/정보대학-컴퓨터학과, 데이터과학과(1학년 우선 신청) *2~4학년 미이수자&재수강자-수강신청 정정기간 중 전체학년 기간에 수강신청 가능",Zoe Ksan Rubadeau,4.3,3.7,4.3,3.8,4.0
2021년 2학기,IFLS012(E1),ACADEMIC,ENGLISH,월(3) 수(3) ,"ACADEMIC ENGLISHⅡ(영강)중급/정보대학-컴퓨터학과, 데이터과학과(1학년 우선 신청) *2~4학년 미이수자&재수강자-수강신청 정정기간 중 전체학년 기간에 수강신청 가능",Zoe Ksan Rubadeau,4.3,3.7,4.1,3.5,4.1
2021년 2학기,IFLS012(E2),ACADEMIC,ENGLISH,월(5) 수(5) ,"ACADEMIC ENGLISHⅡ(영강)중급/정보대학-컴퓨터학과, 데이터과학과(1학년 우선 신청) *2~4학년 미이수자&재수강자-수강신청 정정기간 중 전체학년 기간에 수강신청 가능",Zoe Ksan Rubadeau,4.3,3.9,4.3,3.1,3.9
2021년 2학기,IFLS012(E3),ACADEMIC,ENGLISH,월(6) 수(6) ,"ACADEMIC ENGLISHⅡ(영강)중급/정보대학-컴퓨터학과, 데이터과학과(1학년 우선 신청) *2~4학년 미이수자&재수강자-수강신청 정정기간 중 전체학년 기간에 수강신청 가능",Zoe Ksan Rubadeau,4.2,3.7,4.8,3.8,3.5
2021년 2학기,IFLS012(G1),ACADEMIC,ENGLISH,월(1-2) ,ACADEMIC ENGLISHⅡ(영강)체육특기자 분반,Hudson Lim,-,-,-,-,-
2021년 2학기,IFLS012(G2),ACADEMIC,ENGLISH,월(1-2) ,ACADEMIC ENGLISHⅡ(영강)체육특기자 분반,Declan Flynn,-,-,-,-,-
2021년 2학기,IFLS012(L1),ACADEMIC,ENGLISH,화(6) 목(6) ,ACADEMIC ENGLISHⅡ(영강)Foundation/International students only,Mark Robert Eade,2.0,3.0,3.0,1.0,2.0
2021년 2학기,IFLS012(L2),ACADEMIC,ENGLISH,화(3) 목(3) ,ACADEMIC ENGLISHⅡ(영강)Foundation/International students only,월쉬널래그첸드라베단,2.0,1.5,3.0,3.0,4.5
2021년 2학기,IFLS012(L3),ACADEMIC,ENGLISH,화(6) 목(6) ,ACADEMIC ENGLISHⅡ(영강)초급반,David W. Wellbaum,2.8,2.7,3.8,2.8,3.5
2021년 2학기,IFLS012(L4),ACADEMIC,ENGLISH,월(2) 수(2) ,ACADEMIC ENGLISHⅡ(영강)초급반,Cheryl Faye Magnant,3.1,2.5,4.1,3.3,4.3
2021년 2학기,IFLS012(L5),ACADEMIC,ENGLISH,화(5) 목(5) ,ACADEMIC ENGLISHⅡ(영강)초급반,Paulette M. Hawkins,3.7,3.3,3.4,2.6,3.9
2021년 2학기,IFLS012(L6),ACADEMIC,ENGLISH,월(4) 수(4) ,ACADEMIC ENGLISHⅡ(영강)초급반,Alexander Vos,3.8,3.8,4.0,2.8,4.0
2021년 2학기,IFLS012(L7),ACADEMIC,ENGLISH,월(1) 수(1) ,ACADEMIC ENGLISHⅡ(영강)초급반,Darius Goodwin,3.4,2.4,4.6,3.6,4.4
2021년 2학기,IFLS012(L8),ACADEMIC,ENGLISH,월(6) 수(6) ,ACADEMIC ENGLISHⅡ(영강)초급반,잼버졸탄폴,1.8,2.0,3.4,2.8,4.2
2021년 2학기,IFLS012(L9),ACADEMIC,ENGLISH,화(3) 목(3) ,ACADEMIC ENGLISHⅡ(영강)초급반,THOMAS COURCHAINE,3.4,2.6,3.0,2.6,3.2
2021년 2학기,IFLS012(LA),ACADEMIC,ENGLISH,화(1) 목(1) ,ACADEMIC ENGLISHⅡ(영강)초급반,Gil Michael Ian Coombe,4.5,3.7,4.5,4.0,4.0
2021년 2학기,IFLS012(LB),ACADEMIC,ENGLISH,화(2) 목(2) ,ACADEMIC ENGLISHⅡ(영강)초급반,Peter L. Sinclair,4.2,3.7,4.2,3.0,3.5
2021년 2학기,IFLS012(LC),ACADEMIC,ENGLISH,화(3) 목(3) ,ACADEMIC ENGLISHⅡ(영강)초급반,David M. Docherty,1.5,2.5,2.7,1.8,3.7
2021년 2학기,IFLS012(LD),ACADEMIC,ENGLISH,화(4) 목(4) ,ACADEMIC ENGLISHⅡ(영강)초급반,Stephen George Bew,2.1,2.7,3.3,2.6,3.7
2021년 2학기,IFLS012(LF),ACADEMIC,ENGLISH,월(3) 수(3) ,ACADEMIC ENGLISHⅡ(영강)초급반,THOMAS COURCHAINE,4.0,3.0,4.0,4.0,4.0
2021년 2학기,IFLS012(LG),ACADEMIC,ENGLISH,화(4) 목(4) ,ACADEMIC ENGLISHⅡ(영강)초급반,David W. Wellbaum,3.7,3.2,3.7,3.0,3.3
2021년 2학기,IFLS012(LH),ACADEMIC,ENGLISH,화(6) 목(6) ,ACADEMIC ENGLISHⅡ(영강)초급반,Russell Mason,3.8,3.7,4.0,3.3,4.0
2021년 2학기,IFLS012(LI),ACADEMIC,ENGLISH,월(1) 수(1) ,ACADEMIC ENGLISHⅡ(영강)초급반,Thomas Walsh,2.7,3.0,5.0,3.7,5.0
2021년 2학기,IFLS012(LJ),ACADEMIC,ENGLISH,월(2) 수(2) ,ACADEMIC ENGLISHⅡ(영강)초급반,Thomas Walsh,3.4,2.2,3.8,3.0,3.6
2021년 2학기,IFLS012(LK),ACADEMIC,ENGLISH,월(5) 수(5) ,ACADEMIC ENGLISHⅡ(영강)초급반,Kirstie Bromenshenk,2.3,1.7,3.8,2.7,4.4
2021년 2학기,IFLS012(LL),ACADEMIC,ENGLISH,월(1) 수(1) ,ACADEMIC ENGLISHⅡ(영강)초급반,Benjamin Fallon,3.3,2.8,3.8,3.1,3.7
2021년 2학기,IFLS012(LM),ACADEMIC,ENGLISH,월(2) 수(2) ,ACADEMIC ENGLISHⅡ(영강)초급반,Joyce Sun Hyong Paek,3.4,3.5,4.8,4.0,4.6
2021년 2학기,IFLS012(LN),ACADEMIC,ENGLISH,월(3) 수(3) ,ACADEMIC ENGLISHⅡ(영강)초급반,Paulette M. Hawkins,3.5,2.4,3.6,2.5,3.3
2021년 2학기,IFLS012(LO),ACADEMIC,ENGLISH,월(4) 수(4) ,ACADEMIC ENGLISHⅡ(영강)초급반,Stephen George Bew,3.0,2.7,3.8,3.3,3.9
2021년 2학기,IFLS012(LP),ACADEMIC,ENGLISH,화(1) 목(1) ,ACADEMIC ENGLISHⅡ(영강)초급반,Joyce Sun Hyong Paek,3.6,2.6,4.9,4.4,4.6
2021년 2학기,IFLS012(LR),ACADEMIC,ENGLISH,화(2) 목(2) ,ACADEMIC ENGLISHⅡ(영강)초급반,David M. Docherty,1.6,2.4,3.0,2.4,4.0
2021년 2학기,IFLS012(LS),ACADEMIC,ENGLISH,화(3) 목(3) ,ACADEMIC ENGLISHⅡ(영강)초급반,잼버졸탄폴,1.7,1.7,4.3,4.0,4.7
2021년 2학기,IFLS012(LT),ACADEMIC,ENGLISH,화(4) 목(4) ,ACADEMIC ENGLISHⅡ(영강)초급반,Russell Mason,4.0,3.5,4.3,3.8,4.3
2021년 2학기,IFLS012(LU),ACADEMIC,ENGLISH,화(1) 목(1) ,ACADEMIC ENGLISHⅡ(영강)초급반,Cheryl Faye Magnant,3.5,3.5,4.6,3.8,4.4
2021년 2학기,IFLS012(LV),ACADEMIC,ENGLISH,화(2) 목(2) ,ACADEMIC ENGLISHⅡ(영강)초급반,David M. Duke,3.0,3.5,3.5,4.5,4.5
2021년 2학기,IFLS012(LW),ACADEMIC,ENGLISH,월(3) 수(3) ,ACADEMIC ENGLISHⅡ(영강)초급반,David M. Duke,1.7,2.0,4.3,2.7,4.0
2021년 2학기,IFLS012(LX),ACADEMIC,ENGLISH,화(4) 목(4) ,ACADEMIC ENGLISHⅡ(영강)초급반,Darius Goodwin,4.0,3.0,4.3,4.0,4.3
2021년 2학기,IFLS012(LY),ACADEMIC,ENGLISH,월(3) 수(3) ,ACADEMIC ENGLISHⅡ(영강)초급반,Cheryl Faye Magnant,3.4,3.6,3.6,3.0,3.5
2021년 2학기,IFLS012(LZ),ACADEMIC,ENGLISH,월(4) 수(4) ,ACADEMIC ENGLISHⅡ(영강)초급반,Anthony Death,1.8,2.6,3.2,2.8,4.2
2021년 2학기,IFLS012(M1),ACADEMIC,ENGLISH,월(5) 수(5) ,ACADEMIC ENGLISHⅡ(영강)초급반,Rockwell H. Stewart,2.9,2.6,3.4,2.9,3.9
2021년 2학기,IFLS012(M2),ACADEMIC,ENGLISH,월(6) 수(6) ,ACADEMIC ENGLISHⅡ(영강)초급반,Rockwell H. Stewart,3.8,3.0,3.5,3.0,3.3
2021년 2학기,IFLS012(M3),ACADEMIC,ENGLISH,화(2) 목(2) ,ACADEMIC ENGLISHⅡ(영강)초급반,Anthony Death,2.7,2.7,3.8,3.3,4.2
2021년 2학기,IFLS012(M4),ACADEMIC,ENGLISH,월(4) 수(4) ,ACADEMIC ENGLISHⅡ(영강)초급반,David M. Duke,2.0,2.2,3.2,2.0,3.3
2021년 2학기,IFLS012(M5),ACADEMIC,ENGLISH,화(3) 목(3) ,ACADEMIC ENGLISHⅡ(영강)초급반,Paulette M. Hawkins,3.5,3.0,1.0,1.5,3.0
2021년 2학기,IFLS012(M6),ACADEMIC,ENGLISH,화(3) 목(3) ,ACADEMIC ENGLISHⅡ(영강)초급반,Peter L. Sinclair,3.5,3.0,3.8,3.0,3.5
2021년 여름학기,IFLS012(A0),ACADEMIC,ENGLISH,월(3-4) 화(3-4) 수(3-4) 목(3-4) ,ACADEMIC ENGLISHⅡ(영강)중급 재수강반,Anthony Hanf,2.6,1.8,3.8,2.7,3.9
2021년 여름학기,IFLS012(B0),ACADEMIC,ENGLISH,월(5-6) 화(5-6) 수(5-6) 목(5-6) ,ACADEMIC ENGLISHⅡ(영강)중급 재수강반,Anthony Hanf,2.0,1.0,4.0,2.0,4.0
2021년 1학기,IFLS012(R1),ACADEMIC,ENGLISH,월(2) 수(2) ,ACADEMIC ENGLISHⅡ(영강)초급 재수강/미이수자반(일반 2012-2020학번),Thomas Walsh,2.3,1.8,4.5,2.8,4.0
2021년 1학기,IFLS012(R2),ACADEMIC,ENGLISH,월(3) 수(3) ,ACADEMIC ENGLISHⅡ(영강)초급 재수강/미이수자반(일반 2012-2020학번),Zoe Ksan Rubadeau,3.0,2.8,4.5,4.0,4.8
2021년 1학기,IFLS012(R3),ACADEMIC,ENGLISH,월(5) 수(5) ,ACADEMIC ENGLISHⅡ(영강)초급 재수강/미이수자반(일반 2012-2020학번),Thomas Walsh,3.0,4.0,4.0,2.0,4.0
2021년 1학기,IFLS012(R4),ACADEMIC,ENGLISH,월(6) 수(6) ,ACADEMIC ENGLISHⅡ(영강)초급 재수강/미이수자반(일반 2012-2020학번),잼버졸탄폴,2.0,2.5,4.0,3.5,5.0
2021년 1학기,IFLS012(R5),ACADEMIC,ENGLISH,화(3) 목(3) ,ACADEMIC ENGLISHⅡ(영강)초급 재수강/미이수자반(일반 2012-2020학번),잼버졸탄폴,2.0,2.0,3.3,2.7,4.0
2021년 1학기,IFLS012(R6),ACADEMIC,ENGLISH,화(5) 목(5) ,ACADEMIC ENGLISHⅡ(영강)초급 재수강/미이수자반(일반 2012-2020학번),Alexander Vos,4.0,3.0,3.3,3.0,3.8
2021년 1학기,IFLS012(RA),ACADEMIC,ENGLISH,월(2) 수(2) ,ACADEMIC ENGLISHⅡ(영강)중급 재수강/미이수자반(일반 2012-2020학번),Karl M. Johnson,1.4,1.6,2.8,2.0,4.0
2021년 1학기,IFLS012(RB),ACADEMIC,ENGLISH,월(3) 수(3) ,ACADEMIC ENGLISHⅡ(영강)중급 재수강/미이수자반(일반 2012-2020학번),Youn-Soo Chang,3.2,2.8,4.8,3.6,4.6
2021년 1학기,IFLS012(RC),ACADEMIC,ENGLISH,월(4) 수(4) ,ACADEMIC ENGLISHⅡ(영강)중급 재수강/미이수자반(일반 2012-2020학번),Gil Michael Ian Coombe,4.5,3.4,4.4,4.1,4.4
2021년 1학기,IFLS012(RD),ACADEMIC,ENGLISH,월(5) 수(5) ,ACADEMIC ENGLISHⅡ(영강)중급 재수강/미이수자반(일반 2012-2020학번),Kirstie Bromenshenk,2.0,1.8,4.3,3.3,3.8
2021년 1학기,IFLS012(RE),ACADEMIC,ENGLISH,월(3) 수(3) ,ACADEMIC ENGLISHⅡ(영강)중급 재수강/미이수자반(일반 2012-2020학번),Darius Goodwin,3.8,3.0,4.0,3.2,3.3
2021년 1학기,IFLS012(RF),ACADEMIC,ENGLISH,화(2) 목(2) ,ACADEMIC ENGLISHⅡ(영강)중급 재수강/미이수자반(일반 2012-2020학번),Darius Goodwin,3.7,2.8,4.7,4.2,4.4
2021년 1학기,IFLS012(RG),ACADEMIC,ENGLISH,화(3) 목(3) ,ACADEMIC ENGLISHⅡ(영강)중급 재수강/미이수자반(일반 2012-2020학번),Karl M. Johnson,2.8,2.8,3.5,3.0,3.8
2021년 1학기,IFLS012(RH),ACADEMIC,ENGLISH,화(4) 목(4) ,ACADEMIC ENGLISHⅡ(영강)중급 재수강/미이수자반(일반 2012-2020학번),Anthony Hanf,3.0,2.2,3.7,2.3,4.2
2021년 1학기,IFLS012(RI),ACADEMIC,ENGLISH,화(5) 목(5) ,ACADEMIC ENGLISHⅡ(영강)중급 재수강/미이수자반(일반 2012-2020학번),Anthony Hanf,2.8,2.3,4.3,3.5,4.3
2021년 1학기,IFLS012(RJ),ACADEMIC,ENGLISH,화(6) 목(6) ,ACADEMIC ENGLISHⅡ(영강)중급 재수강/미이수자반(일반 2012-2020학번),David M. Duke,2.8,2.2,4.0,2.6,4.4
2020년 겨울학기,IFLS012(A0),ACADEMIC,ENGLISH,월(3-4) 화(3-4) 수(3-4) 목(3-4) ,ACADEMIC ENGLISHⅡ(영강)중급 재수강반,Thomas Walsh,3.2,2.7,4.1,3.4,4.3
2020년 겨울학기,IFLS012(B0),ACADEMIC,ENGLISH,월(5-6) 화(5-6) 수(5-6) 목(5-6) ,ACADEMIC ENGLISHⅡ(영강)중급 재수강반,Thomas Walsh,5.0,4.0,5.0,5.0,5.0
2020년 2학기,IFLS012(01),ACADEMIC,ENGLISH,월(1) 수(1) ,"ACADEMIC ENGLISHⅡ(영강)중급/경영대학,자유전공학부(1학년 우선 신청) *2~4학년 미이수자&재수강자-수강신청 정정기간 중 전체학년 기간에 수강신청 가능",David M. Docherty,1.6,2.2,3.0,2.3,4.1
2020년 2학기,IFLS012(02),ACADEMIC,ENGLISH,월(2) 수(2) ,"ACADEMIC ENGLISHⅡ(영강)중급/경영대학,자유전공학부(1학년 우선 신청) *2~4학년 미이수자&재수강자-수강신청 정정기간 중 전체학년 기간에 수강신청 가능",David M. Docherty,2.2,2.8,2.5,2.2,3.5
2020년 2학기,IFLS012(03),ACADEMIC,ENGLISH,월(3) 수(3) ,"ACADEMIC ENGLISHⅡ(영강)중급/경영대학,자유전공학부(1학년 우선 신청) *2~4학년 미이수자&재수강자-수강신청 정정기간 중 전체학년 기간에 수강신청 가능",David M. Docherty,1.5,1.5,2.4,1.8,4.6
2020년 2학기,IFLS012(04),ACADEMIC,ENGLISH,월(5) 수(5) ,"ACADEMIC ENGLISHⅡ(영강)중급/경영대학,자유전공학부(1학년 우선 신청) *2~4학년 미이수자&재수강자-수강신청 정정기간 중 전체학년 기간에 수강신청 가능",Anthony Death,3.0,3.3,3.4,2.7,3.6
2020년 2학기,IFLS012(05),ACADEMIC,ENGLISH,월(6) 수(6) ,"ACADEMIC ENGLISHⅡ(영강)중급/경영대학,자유전공학부(1학년 우선 신청) *2~4학년 미이수자&재수강자-수강신청 정정기간 중 전체학년 기간에 수강신청 가능",Paulette M. Hawkins,3.3,2.4,2.9,2.6,3.3
2020년 2학기,IFLS012(07),ACADEMIC,ENGLISH,화(1) 목(1) ,"ACADEMIC ENGLISHⅡ(영강)중급/경영대학,자유전공학부(1학년 우선 신청) *2~4학년 미이수자&재수강자-수강신청 정정기간 중 전체학년 기간에 수강신청 가능",Anthony Hanf,2.4,2.3,3.7,2.7,4.3
2020년 2학기,IFLS012(08),ACADEMIC,ENGLISH,화(2) 목(2) ,"ACADEMIC ENGLISHⅡ(영강)중급/경영대학,자유전공학부(1학년 우선 신청) *2~4학년 미이수자&재수강자-수강신청 정정기간 중 전체학년 기간에 수강신청 가능",Anthony Hanf,2.3,2.3,4.1,3.3,4.5
2020년 2학기,IFLS012(09),ACADEMIC,ENGLISH,화(3) 목(3) ,"ACADEMIC ENGLISHⅡ(영강)중급/경영대학,자유전공학부(1학년 우선 신청) *2~4학년 미이수자&재수강자-수강신청 정정기간 중 전체학년 기간에 수강신청 가능",Anthony Hanf,2.5,2.3,4.0,3.0,4.5
2020년 2학기,IFLS012(10),ACADEMIC,ENGLISH,화(4) 목(4) ,"ACADEMIC ENGLISHⅡ(영강)중급/경영대학,자유전공학부(1학년 우선 신청) *2~4학년 미이수자&재수강자-수강신청 정정기간 중 전체학년 기간에 수강신청 가능",David M. Docherty,2.1,2.6,3.3,2.7,3.9
2020년 2학기,IFLS012(11),ACADEMIC,ENGLISH,화(5) 목(5) ,"ACADEMIC ENGLISHⅡ(영강)중급/경영대학,자유전공학부(1학년 우선 신청) *2~4학년 미이수자&재수강자-수강신청 정정기간 중 전체학년 기간에 수강신청 가능",Declan Flynn,4.1,3.5,3.8,3.1,3.6
2020년 2학기,IFLS012(12),ACADEMIC,ENGLISH,월(3) 수(3) ,"ACADEMIC ENGLISHⅡ(영강)중급/경영대학,자유전공학부(1학년 우선 신청) *2~4학년 미이수자&재수강자-수강신청 정정기간 중 전체학년 기간에 수강신청 가능",Declan Flynn,4.0,3.6,3.7,3.5,3.8
2020년 2학기,IFLS012(13),ACADEMIC,ENGLISH,월(4) 수(4) ,"ACADEMIC ENGLISHⅡ(영강)중급/경영대학,자유전공학부(1학년 우선 신청) *2~4학년 미이수자&재수강자-수강신청 정정기간 중 전체학년 기간에 수강신청 가능",Declan Flynn,3.9,3.2,3.7,3.5,4.2
2020년 2학기,IFLS012(14),ACADEMIC,ENGLISH,화(2) 목(2) ,"ACADEMIC ENGLISHⅡ(영강)중급/경영대학,자유전공학부(1학년 우선 신청) *2~4학년 미이수자&재수강자-수강신청 정정기간 중 전체학년 기간에 수강신청 가능",Anthony Death,3.1,3.1,3.3,2.9,3.9
2020년 2학기,IFLS012(15),ACADEMIC,ENGLISH,화(3) 목(3) ,"ACADEMIC ENGLISHⅡ(영강)중급/경영대학,자유전공학부(1학년 우선 신청) *2~4학년 미이수자&재수강자-수강신청 정정기간 중 전체학년 기간에 수강신청 가능",Anthony Death,2.4,2.3,3.0,2.6,3.6
2020년 2학기,IFLS012(17),ACADEMIC,ENGLISH,월(2) 수(2) ,"ACADEMIC ENGLISHⅡ(영강)중급/경영대학,자유전공학부(1학년 우선 신청) *2~4학년 미이수자&재수강자-수강신청 정정기간 중 전체학년 기간에 수강신청 가능",Anthony Death,3.3,3.3,3.0,2.8,3.4
2020년 2학기,IFLS012(18),ACADEMIC,ENGLISH,월(5) 수(5) ,"ACADEMIC ENGLISHⅡ(영강)중급/경영대학,자유전공학부(1학년 우선 신청) *2~4학년 미이수자&재수강자-수강신청 정정기간 중 전체학년 기간에 수강신청 가능",Declan Flynn,4.2,3.7,3.8,3.6,3.9
2020년 2학기,IFLS012(19),ACADEMIC,ENGLISH,월(3) 수(3) ,"ACADEMIC ENGLISHⅡ(영강)중급/정경대학, 미디어학부, 국제학부(1학년 우선 신청) *2~4학년 미이수자&재수강자-수강신청 정정기간 중 전체학년 기간에 수강신청 가능",Glenn P. Sundeen,3.5,2.8,3.8,2.4,2.9
2020년 2학기,IFLS012(20),ACADEMIC,ENGLISH,월(4) 수(4) ,"ACADEMIC ENGLISHⅡ(영강)중급/정경대학, 미디어학부, 국제학부(1학년 우선 신청) *2~4학년 미이수자&재수강자-수강신청 정정기간 중 전체학년 기간에 수강신청 가능",Glenn P. Sundeen,3.6,3.0,4.4,3.5,4.0
2020년 2학기,IFLS012(21),ACADEMIC,ENGLISH,월(5) 수(5) ,"ACADEMIC ENGLISHⅡ(영강)중급/정경대학, 미디어학부, 국제학부(1학년 우선 신청) *2~4학년 미이수자&재수강자-수강신청 정정기간 중 전체학년 기간에 수강신청 가능",Peter S. Sylvestre,3.0,3.0,4.0,3.1,4.3
2020년 2학기,IFLS012(22),ACADEMIC,ENGLISH,월(6) 수(6) ,"ACADEMIC ENGLISHⅡ(영강)중급/정경대학, 미디어학부, 국제학부(1학년 우선 신청) *2~4학년 미이수자&재수강자-수강신청 정정기간 중 전체학년 기간에 수강신청 가능",Michael A. Mumford,3.6,3.2,3.3,2.8,3.4
2020년 2학기,IFLS012(23),ACADEMIC,ENGLISH,월(7) 수(7) ,"ACADEMIC ENGLISHⅡ(영강)중급/정경대학, 미디어학부, 국제학부(1학년 우선 신청) *2~4학년 미이수자&재수강자-수강신청 정정기간 중 전체학년 기간에 수강신청 가능",Mark Robert Eade,3.3,2.9,3.0,3.0,3.7
2020년 2학기,IFLS012(24),ACADEMIC,ENGLISH,화(3) 목(3) ,"ACADEMIC ENGLISHⅡ(영강)중급/정경대학, 미디어학부, 국제학부(1학년 우선 신청) *2~4학년 미이수자&재수강자-수강신청 정정기간 중 전체학년 기간에 수강신청 가능",Peter S. Sylvestre,2.5,2.8,3.2,2.7,3.5
2020년 2학기,IFLS012(25),ACADEMIC,ENGLISH,화(4) 목(4) ,"ACADEMIC ENGLISHⅡ(영강)중급/정경대학, 미디어학부, 국제학부(1학년 우선 신청) *2~4학년 미이수자&재수강자-수강신청 정정기간 중 전체학년 기간에 수강신청 가능",Peter S. Sylvestre,2.7,2.8,3.8,2.8,3.8
2020년 2학기,IFLS012(26),ACADEMIC,ENGLISH,화(5) 목(5) ,"ACADEMIC ENGLISHⅡ(영강)중급/정경대학, 미디어학부, 국제학부(1학년 우선 신청) *2~4학년 미이수자&재수강자-수강신청 정정기간 중 전체학년 기간에 수강신청 가능",Glenn P. Sundeen,3.5,2.9,4.1,3.3,4.2
2020년 2학기,IFLS012(27),ACADEMIC,ENGLISH,화(6) 목(6) ,"ACADEMIC ENGLISHⅡ(영강)중급/정경대학, 미디어학부, 국제학부(1학년 우선 신청) *2~4학년 미이수자&재수강자-수강신청 정정기간 중 전체학년 기간에 수강신청 가능",Dara Seamus Fox,3.5,2.8,3.9,2.9,3.6
2020년 2학기,IFLS012(28),ACADEMIC,ENGLISH,화(7) 목(7) ,"ACADEMIC ENGLISHⅡ(영강)중급/정경대학, 미디어학부, 국제학부(1학년 우선 신청) *2~4학년 미이수자&재수강자-수강신청 정정기간 중 전체학년 기간에 수강신청 가능",Dara Seamus Fox,2.7,2.7,4.1,3.0,3.9
2020년 2학기,IFLS012(29),ACADEMIC,ENGLISH,월(3) 수(3) ,"ACADEMIC ENGLISHⅡ(영강)중급/정경대학, 미디어학부, 국제학부(1학년 우선 신청) *2~4학년 미이수자&재수강자-수강신청 정정기간 중 전체학년 기간에 수강신청 가능",Mark Robert Eade,3.4,3.4,3.2,2.7,3.4
2020년 2학기,IFLS012(30),ACADEMIC,ENGLISH,월(5) 수(5) ,"ACADEMIC ENGLISHⅡ(영강)중급/정경대학, 미디어학부, 국제학부(1학년 우선 신청) *2~4학년 미이수자&재수강자-수강신청 정정기간 중 전체학년 기간에 수강신청 가능",Dara Seamus Fox,4.0,2.0,3.7,2.7,3.0
2020년 2학기,IFLS012(31),ACADEMIC,ENGLISH,월(6) 수(6) ,"ACADEMIC ENGLISHⅡ(영강)중급/정경대학, 미디어학부, 국제학부(1학년 우선 신청) *2~4학년 미이수자&재수강자-수강신청 정정기간 중 전체학년 기간에 수강신청 가능",Mark Robert Eade,2.4,3.4,3.0,2.1,3.7
2020년 2학기,IFLS012(32),ACADEMIC,ENGLISH,월(7) 수(7) ,"ACADEMIC ENGLISHⅡ(영강)중급/정경대학, 미디어학부, 국제학부(1학년 우선 신청) *2~4학년 미이수자&재수강자-수강신청 정정기간 중 전체학년 기간에 수강신청 가능",Michael A. Mumford,4.6,4.0,4.4,3.8,4.4
2020년 2학기,IFLS012(33),ACADEMIC,ENGLISH,화(3) 목(3) ,"ACADEMIC ENGLISHⅡ(영강)중급/정경대학, 미디어학부, 국제학부(1학년 우선 신청) *2~4학년 미이수자&재수강자-수강신청 정정기간 중 전체학년 기간에 수강신청 가능",Michael A. Mumford,4.6,3.6,3.3,2.4,3.3
2020년 2학기,IFLS012(34),ACADEMIC,ENGLISH,화(4) 목(4) ,"ACADEMIC ENGLISHⅡ(영강)중급/정경대학, 미디어학부, 국제학부(1학년 우선 신청) *2~4학년 미이수자&재수강자-수강신청 정정기간 중 전체학년 기간에 수강신청 가능",Michael A. Mumford,4.5,3.8,4.1,3.0,3.6
2020년 2학기,IFLS012(35),ACADEMIC,ENGLISH,화(5) 목(5) ,"ACADEMIC ENGLISHⅡ(영강)중급/정경대학, 미디어학부, 국제학부(1학년 우선 신청) *2~4학년 미이수자&재수강자-수강신청 정정기간 중 전체학년 기간에 수강신청 가능",Mark Robert Eade,4.0,3.8,3.5,3.0,3.8
2020년 2학기,IFLS012(36),ACADEMIC,ENGLISH,화(6) 목(6) ,"ACADEMIC ENGLISHⅡ(영강)중급/정경대학, 미디어학부, 국제학부(1학년 우선 신청) *2~4학년 미이수자&재수강자-수강신청 정정기간 중 전체학년 기간에 수강신청 가능",Michael A. Mumford,4.4,3.6,4.0,4.0,3.6
2020년 2학기,IFLS012(37),ACADEMIC,ENGLISH,월(4) 수(4) ,"ACADEMIC ENGLISHⅡ(영강)중급/정경대학, 미디어학부, 국제학부(1학년 우선 신청) *2~4학년 미이수자&재수강자-수강신청 정정기간 중 전체학년 기간에 수강신청 가능",Mark Robert Eade,3.0,3.1,3.4,3.1,4.1
2020년 2학기,IFLS012(38),ACADEMIC,ENGLISH,월(1) 수(1) ,"ACADEMIC ENGLISHⅡ(영강)중급/문과대학(국문, 노문, 독문, 불문, 서문, 영문, 일문, 중문)(1학년 우선 신청) *2~4학년 미이수자&재수강자-수강신청 정정기간 중 전체학년 기간에 수강신청 가능",Alexander Vos,4.0,3.8,4.1,3.5,3.7
2020년 2학기,IFLS012(39),ACADEMIC,ENGLISH,월(2) 수(2) ,"ACADEMIC ENGLISHⅡ(영강)중급/문과대학(국문, 노문, 독문, 불문, 서문, 영문, 일문, 중문)(1학년 우선 신청) *2~4학년 미이수자&재수강자-수강신청 정정기간 중 전체학년 기간에 수강신청 가능",Alexander Vos,4.0,3.4,4.0,3.6,4.2
2020년 2학기,IFLS012(40),ACADEMIC,ENGLISH,월(3) 수(3) ,"ACADEMIC ENGLISHⅡ(영강)중급/문과대학(국문, 노문, 독문, 불문, 서문, 영문, 일문, 중문)(1학년 우선 신청) *2~4학년 미이수자&재수강자-수강신청 정정기간 중 전체학년 기간에 수강신청 가능",Alexander Vos,3.5,3.8,4.4,3.5,3.7
2020년 2학기,IFLS012(41),ACADEMIC,ENGLISH,월(4) 수(4) ,"ACADEMIC ENGLISHⅡ(영강)중급/문과대학(국문, 노문, 독문, 불문, 서문, 영문, 일문, 중문)(1학년 우선 신청) *2~4학년 미이수자&재수강자-수강신청 정정기간 중 전체학년 기간에 수강신청 가능",Kirstie Bromenshenk,2.1,2.4,3.5,2.8,4.0
2020년 2학기,IFLS012(42),ACADEMIC,ENGLISH,월(6) 수(6) ,"ACADEMIC ENGLISHⅡ(영강)중급/문과대학(국문, 노문, 독문, 불문, 서문, 영문, 일문, 중문)(1학년 우선 신청) *2~4학년 미이수자&재수강자-수강신청 정정기간 중 전체학년 기간에 수강신청 가능",Manuel Lara,4.0,2.7,3.7,3.2,3.9
